q-vector,5 min,10 min,15 min,20 min,25 min,30 min,35 min,40 min,45 min,50 min,55 min,60 min,65 min,70 min,75 min,80 min,85 min,90 min,95 min,100 min,105 min,110 min,115 min,120 min,125 min,130 min,135 min,140 min,145 min,150 min,155 min,160 min,165 min,170 min,175 min,180 min,185 min,190 min,195 min,200 min,205 min,210 min,215 min,220 min,225 min,230 min,235 min
0.00327202,0.20839613,0.20964423,0.21499902,0.22744639,0.22107582,0.21944105,0.22264797,0.22333524,0.22557624,0.22624727,0.22865305,0.23169382,0.23320679,0.23319851,0.23450868,0.23369487,0.23568528,0.23505287,0.23733448,0.2346906,0.23832994,0.23811695,0.24056238,0.24098838,0.24261242,0.24253799,0.24594811,0.24832426,0.25122826,0.25140702,0.25615588,0.25690115,0.26249761,0.2648997,0.26347399,0.27042829,0.27269067,0.2749756,0.27860193,0.27768281,0.2788584,0.27684956,0.2792765,0.28146419,0.27896494,0.27805677,0.56797324
0.00371214,0.13595255,0.13730887,0.14106813,0.15121974,0.14210337,0.14015662,0.14053557,0.14111218,0.14279673,0.14287386,0.14177725,0.14469884,0.14527879,0.14599043,0.1446649,0.14584125,0.14699414,0.14824632,0.14772303,0.14741017,0.14884624,0.14919099,0.14992999,0.15059426,0.1527686,0.15243491,0.15511314,0.15415281,0.15738151,0.15847206,0.16021028,0.16148717,0.16397181,0.16656407,0.16651909,0.1703539,0.17096597,0.17254425,0.1756468,0.17470739,0.17435506,0.17528928,0.17533702,0.17508521,0.17428808,0.17510538,0.35168623
0.00416523,0.08839623,0.08979724,0.09417692,0.10052166,0.09053108,0.08686217,0.08746083,0.08789083,0.08823891,0.08808836,0.08868392,0.08964173,0.08974168,0.08987069,0.08957208,0.09020813,0.09080886,0.09143552,0.091579,0.09215856,0.09125199,0.09211378,0.09326999,0.09370318,0.09367711,0.09444102,0.09634798,0.09619066,0.09762945,0.09889125,0.09869259,0.09994775,0.10225685,0.10278935,0.10398549,0.10605091,0.10723209,0.10710817,0.10794113,0.10837454,0.10857484,0.10833847,0.10823502,0.10798275,0.10850062,0.10962011,0.23154416
0.0046445,0.07107881,0.07267871,0.07779576,0.08372265,0.07258121,0.06964116,0.06842454,0.06833906,0.06881363,0.0683234,0.06779919,0.06845727,0.06898925,0.07016572,0.06949977,0.06929973,0.07003919,0.06975554,0.07156789,0.07044489,0.07067389,0.07100909,0.07230123,0.07185496,0.07364241,0.07386015,0.07427518,0.07492556,0.07498132,0.0768387,0.07796458,0.07880902,0.07995619,0.08188805,0.08103347,0.08295685,0.0827396,0.08415229,0.08562066,0.08526596,0.08515195,0.0848708,0.08640844,0.08616811,0.08635742,0.08746939,0.1813631
0.00511223,0.06253858,0.06383405,0.06942625,0.07422802,0.06286112,0.05847106,0.05760464,0.05688702,0.05798299,0.0577524,0.05666883,0.05734939,0.05719181,0.05779783,0.05804255,0.05711894,0.05754042,0.05802615,0.05945685,0.05820198,0.05853129,0.05844898,0.06014393,0.05991449,0.06113342,0.06111866,0.06203855,0.06192747,0.06311049,0.06363188,0.0655523,0.06599545,0.06689396,0.06813354,0.06905503,0.06975944,0.06988818,0.07115836,0.07212519,0.07195992,0.07287313,0.07255317,0.07342008,0.07336547,0.07319725,0.07477623,0.15859168
0.00556297,0.05549229,0.05708322,0.06201379,0.06699797,0.05648499,0.05114081,0.05004913,0.04944379,0.04992744,0.04925698,0.04922026,0.04978819,0.04909786,0.04912484,0.05027947,0.04945762,0.05040265,0.05037507,0.05115625,0.0502987,0.05047167,0.05055533,0.05094797,0.05130336,0.05283029,0.05268997,0.05314579,0.05354984,0.05479693,0.05518489,0.05648158,0.05691464,0.05829318,0.05955046,0.05997911,0.06086974,0.0612651,0.0618126,0.06281439,0.06315394,0.06340106,0.06317531,0.06362674,0.06408644,0.06582846,0.06638843,0.13938104
0.00599188,0.05181226,0.05309276,0.05777418,0.06288364,0.05187412,0.04788762,0.04578345,0.04487762,0.0448677,0.04513117,0.04443875,0.04566536,0.04521873,0.04515909,0.0447223,0.04396772,0.04462336,0.04576474,0.04568305,0.04552582,0.04572762,0.04561724,0.0466314,0.04633581,0.04674366,0.04794422,0.04813419,0.04887548,0.05046526,0.05010976,0.0509072,0.05157993,0.05302572,0.05452387,0.05426953,0.05520427,0.05721582,0.05673296,0.05728472,0.05746258,0.05819795,0.0585216,0.05885786,0.05916851,0.05988026,0.0613119,0.13050589
0.00640099,0.04851554,0.04971338,0.05382478,0.05873102,0.04833427,0.04370616,0.04269889,0.04133136,0.04169186,0.04193647,0.040985,0.0408748,0.04186583,0.04155853,0.04148886,0.04111999,0.04168549,0.04164445,0.04127956,0.04142458,0.04185357,0.0420493,0.04311837,0.04234412,0.04373917,0.04385359,0.04473981,0.04517763,0.0457526,0.04624102,0.04782069,0.04701479,0.04894293,0.04995172,0.04981042,0.05100992,0.05236087,0.05278459,0.05365118,0.05347447,0.05472688,0.05424623,0.05514859,0.05547587,0.055578,0.05656154,0.11724531
0.00684414,0.0399104,0.0412562,0.04522302,0.04972617,0.03992736,0.03598281,0.03506718,0.03357568,0.03460614,0.03383687,0.03342408,0.03406043,0.0339359,0.03344687,0.03333083,0.03307569,0.0337238,0.03345633,0.03392175,0.03368985,0.03433827,0.03421847,0.03448656,0.03456784,0.03535539,0.03517956,0.03662599,0.03637229,0.0375682,0.03806436,0.03871577,0.03910622,0.04003085,0.04061663,0.04055086,0.04236332,0.04291388,0.04258578,0.04432398,0.04403603,0.04458855,0.04473171,0.04556609,0.04518482,0.04603438,0.04738568,0.09671169
0.00729722,0.03975222,0.04096052,0.04479991,0.049559,0.04051896,0.03618895,0.03560881,0.03421871,0.03379149,0.03345239,0.0332856,0.03329245,0.03314173,0.03339052,0.03300854,0.03275437,0.03366501,0.03385409,0.03364564,0.03359656,0.03360587,0.0338375,0.03484082,0.03502365,0.03499357,0.03526393,0.03545925,0.03660048,0.03707912,0.03677567,0.03800363,0.03920554,0.04002319,0.04055899,0.04062102,0.04235234,0.04262,0.04309171,0.0435566,0.04421361,0.04405874,0.04489239,0.04485336,0.04574952,0.04632515,0.04706911,0.09938829
0.00774356,0.03467873,0.03592745,0.03871298,0.04283826,0.03529656,0.03126859,0.03025298,0.02933063,0.02937055,0.02876682,0.02890404,0.02882395,0.02870629,0.02848862,0.02867714,0.028426,0.02899683,0.02839338,0.029355,0.02866451,0.02868865,0.02900736,0.0298091,0.02932167,0.0304647,0.03013769,0.03092129,0.03053516,0.03198144,0.03196651,0.0326296,0.03320312,0.03404133,0.03470069,0.03476968,0.03599208,0.03641223,0.03659757,0.03789137,0.03732101,0.03788024,0.0381994,0.03893908,0.03946468,0.03995371,0.0406041,0.08631291
0.00819079,0.03534464,0.03629315,0.03949412,0.04338493,0.03596592,0.0322997,0.03055221,0.03003654,0.02968671,0.02948964,0.02858354,0.0291388,0.02854784,0.02929165,0.02897137,0.02940295,0.02959062,0.02909517,0.0294914,0.0292278,0.02956743,0.02962728,0.02983846,0.02992032,0.03010368,0.03087938,0.03105973,0.03145693,0.0319537,0.03266861,0.03318969,0.03412625,0.03395153,0.03475417,0.03498881,0.03643215,0.03632562,0.03721333,0.0381226,0.03838217,0.03849718,0.03896736,0.03921804,0.03957025,0.04055407,0.04098182,0.0908331
0.00861767,0.03161364,0.03276955,0.03622483,0.0394142,0.03235862,0.02927277,0.02790301,0.02712708,0.02709868,0.02640808,0.02597491,0.02632835,0.02643894,0.0264471,0.02601252,0.02618627,0.02634793,0.02646333,0.02700371,0.02626216,0.0267006,0.02625612,0.02734625,0.02700387,0.02698244,0.02762298,0.02777912,0.02799532,0.02868518,0.02956035,0.02985401,0.0305517,0.03133725,0.03187031,0.031919,0.03252568,0.0334499,0.03365515,0.035105,0.0342351,0.0353039,0.03522655,0.03547792,0.03594079,0.03601234,0.03707077,0.08277408
0.00903622,0.03211281,0.03269083,0.03646303,0.03947716,0.03340432,0.02930233,0.02863653,0.02749835,0.02738957,0.02702462,0.0267448,0.02674677,0.02648502,0.02715611,0.026956,0.02667019,0.02650861,0.0268736,0.02630916,0.02671677,0.02728829,0.02722559,0.02754847,0.02737233,0.02777259,0.02801056,0.02869116,0.02859569,0.02892936,0.02924385,0.0298918,0.03110314,0.03118034,0.03179797,0.03173686,0.03274238,0.03359211,0.03379071,0.03414824,0.03441847,0.03535003,0.03555401,0.03599652,0.03642418,0.03678697,0.0372234,0.08347294
0.00945156,0.02963404,0.02978818,0.03256264,0.03587105,0.02989954,0.02703198,0.02610089,0.02500278,0.02472067,0.02514217,0.02434756,0.02405813,0.0243907,0.0241426,0.02433121,0.0238725,0.02447206,0.02484921,0.02442073,0.02453324,0.02453701,0.02432362,0.02443532,0.02502896,0.02517862,0.02540979,0.02545498,0.02558254,0.02637561,0.02729634,0.02663451,0.02744216,0.02796027,0.02871644,0.02942529,0.02993305,0.02998945,0.03078788,0.03136819,0.03086022,0.03185073,0.03215447,0.03261748,0.0330592,0.03331157,0.03346278,0.07642016
0.00990796,0.02656946,0.02724619,0.02943056,0.03196172,0.02760556,0.0244674,0.02391347,0.02322088,0.0228727,0.02268618,0.02239823,0.02244882,0.02235856,0.02246566,0.02238615,0.02187578,0.02165879,0.02264442,0.0221214,0.02222528,0.02237575,0.02251972,0.02244862,0.0226759,0.02289312,0.02301838,0.02338061,0.02343637,0.02420598,0.02406346,0.02470429,0.0249659,0.02577673,0.0264547,0.02600449,0.02715787,0.02752913,0.0274359,0.02863512,0.02848469,0.02860392,0.02940528,0.02957732,0.03001463,0.03023743,0.03061833,0.06825484
0.01037365,0.02594901,0.02593442,0.02855652,0.03108329,0.02675333,0.02442899,0.0237752,0.02292018,0.02224739,0.02189517,0.02201731,0.02206331,0.02215353,0.02197283,0.02178985,0.02158073,0.02200471,0.02132909,0.02214592,0.02182566,0.0216146,0.02202469,0.02185885,0.02199724,0.02214159,0.02267293,0.02281574,0.0228961,0.02333395,0.02337851,0.02437729,0.02460258,0.02494459,0.02460895,0.02526345,0.02647659,0.02682704,0.02655282,0.02746228,0.02807252,0.0277815,0.02771159,0.02837804,0.029072,0.02842859,0.02979247,0.06429035
0.01081903,0.02482183,0.025442,0.0275683,0.02987269,0.02680414,0.02357671,0.02310282,0.02205163,0.0222465,0.02200085,0.02209753,0.02193631,0.0215755,0.0217825,0.02161813,0.02144927,0.02148044,0.02183082,0.02149387,0.02136541,0.02155015,0.02192228,0.02189049,0.02147815,0.02175686,0.02199272,0.02233013,0.02245552,0.02303504,0.02317225,0.02329726,0.02371193,0.02408489,0.02501144,0.02446457,0.0256008,0.02616252,0.02626952,0.02697101,0.026865,0.02721663,0.02779292,0.02785456,0.02820919,0.02871955,0.02875899,0.06202673
0.01125599,0.02345529,0.0240728,0.026169,0.02884508,0.02538518,0.02324935,0.02229563,0.02167625,0.02198979,0.02065928,0.0209566,0.02088635,0.02131805,0.02086864,0.0210061,0.02084336,0.02056629,0.02086851,0.02097394,0.02036489,0.02081528,0.02070559,0.02076159,0.02103232,0.02124354,0.02106219,0.02145605,0.02156955,0.02232284,0.02178317,0.0222705,0.02278989,0.02304812,0.02351997,0.02389284,0.02403691,0.02473139,0.02510557,0.02555653,0.0255001,0.02563724,0.02630297,0.02648387,0.0267413,0.02702785,0.02779009,0.06047914
0.01169877,0.02265785,0.02289301,0.02492873,0.02726394,0.02433175,0.02255416,0.02150756,0.02101926,0.02084382,0.02076654,0.02024072,0.02056042,0.0201081,0.02064657,0.01986863,0.01990473,0.02018915,0.01975814,0.02018968,0.01979886,0.02014558,0.02011116,0.02012426,0.0200968,0.02079614,0.0201186,0.02084755,0.02070715,0.02106562,0.02127804,0.02180699,0.0213879,0.02194276,0.02223452,0.022472,0.0231642,0.0236617,0.02418794,0.02437731,0.02434723,0.02506021,0.02530355,0.02528599,0.02555992,0.02550193,0.02606862,0.05559682
0.01214336,0.02139229,0.02192884,0.0237881,0.02603119,0.02338247,0.02157357,0.02082272,0.0203906,0.02041172,0.01959742,0.01945403,0.01984572,0.01954129,0.01964535,0.01923166,0.0194128,0.01941692,0.01941077,0.01945777,0.01958534,0.01955302,0.01964799,0.01936988,0.01949147,0.01988859,0.01955674,0.01984735,0.02011685,0.02038862,0.02059989,0.02050956,0.02094805,0.02143007,0.02148866,0.02188887,0.02253107,0.02259069,0.02275781,0.02318066,0.0232024,0.02405672,0.02370296,0.02416034,0.02418821,0.02471783,0.02548467,0.05561877
0.01261425,0.01916777,0.01986205,0.02107519,0.02328847,0.02114145,0.01969042,0.01935691,0.01895048,0.01885564,0.01836785,0.01808792,0.01831571,0.01820825,0.01823044,0.01804795,0.0177457,0.01808973,0.0178009,0.01817425,0.01759439,0.01764803,0.01773953,0.01788545,0.0178054,0.01822011,0.01800623,0.01861288,0.01845817,0.0185203,0.01863431,0.01855921,0.01911667,0.01920228,0.01979099,0.01990685,0.02031491,0.02053654,0.02053437,0.02106627,0.0213297,0.02134566,0.02169481,0.02181005,0.02212824,0.02230111,0.02270714,0.0496373
0.01312851,0.01801151,0.01844858,0.01981614,0.02157635,0.02012436,0.01893288,0.01832079,0.01787692,0.01768077,0.01779475,0.01731778,0.01743195,0.01744374,0.01746603,0.01724442,0.01713138,0.01715472,0.01691417,0.01703138,0.01712133,0.01695857,0.01693947,0.01723727,0.01697776,0.01693681,0.01700133,0.01748927,0.01719199,0.01767764,0.01740834,0.01786164,0.01782407,0.01836857,0.01867783,0.01846205,0.01898047,0.01899444,0.0194354,0.01996183,0.01982229,0.02037626,0.02036555,0.02012375,0.02089175,0.02094037,0.02141687,0.04557007
0.01363621,0.01788323,0.01824795,0.01948404,0.02160126,0.02005802,0.01882842,0.0184821,0.01785263,0.01769227,0.01768874,0.01769618,0.017616,0.01767492,0.0174423,0.01726795,0.01717027,0.01726404,0.01725035,0.01692749,0.01702744,0.0171611,0.01702533,0.01737053,0.01748506,0.01739032,0.01723592,0.01710627,0.0171869,0.01754181,0.01764369,0.01769562,0.01764028,0.01821432,0.01829841,0.01859463,0.01876743,0.01909778,0.01950951,0.01980974,0.01994702,0.02007447,0.02003151,0.02030272,0.02027673,0.02092057,0.02125245,0.04468888
0.01414555,0.01756759,0.01759669,0.01860381,0.02093609,0.01989787,0.01834193,0.01799571,0.01740052,0.01753627,0.01733348,0.01730597,0.01703218,0.01740468,0.0170544,0.01702015,0.01691748,0.01681576,0.01696893,0.01687332,0.01670227,0.01666568,0.0166074,0.01723384,0.01676277,0.01704088,0.0169315,0.01709698,0.0167899,0.01700017,0.01711803,0.01742908,0.01733549,0.01763225,0.01775011,0.01756918,0.01824241,0.01841195,0.01858955,0.01908591,0.01920644,0.01927749,0.01979267,0.0196974,0.01994796,0.02008983,0.02023993,0.04502527
0.01464353,0.01654425,0.01717315,0.01819115,0.01994798,0.0194367,0.01854833,0.01813848,0.01748673,0.01764498,0.01732852,0.01721595,0.01719723,0.01683389,0.01725327,0.01669106,0.01660806,0.01701317,0.0167115,0.0167584,0.01668113,0.0164863,0.01642108,0.01661982,0.0167536,0.01665524,0.01672004,0.01678896,0.01673296,0.01679235,0.01705416,0.01719075,0.01717511,0.01743115,0.01788762,0.01734261,0.01801936,0.01839167,0.01832987,0.01872738,0.01852984,0.01891431,0.01861519,0.01951297,0.01945227,0.01967549,0.01970019,0.04371035
0.01515718,0.01543467,0.01567393,0.0168761,0.01828607,0.01794356,0.01706123,0.0167325,0.0164484,0.01636311,0.01614429,0.01596102,0.01581751,0.01591913,0.01587776,0.01554016,0.01534685,0.01569708,0.01569951,0.01551426,0.0156049,0.01528682,0.01572058,0.0155741,0.01541687,0.01550033,0.01552793,0.0156184,0.01550129,0.01568662,0.01560541,0.01569283,0.01620548,0.01591726,0.0159655,0.01620263,0.01674324,0.01669712,0.01690421,0.017314,0.01701856,0.01738383,0.01740724,0.01758516,0.01788682,0.01797613,0.01826767,0.03932971
0.0156715,0.01415737,0.01455346,0.01546393,0.01707382,0.01671546,0.01607453,0.01594709,0.01544294,0.01562933,0.01547308,0.01495257,0.01503981,0.0150949,0.01512298,0.01500209,0.01450195,0.01481359,0.01469278,0.01467269,0.01474291,0.01487523,0.01481347,0.01459733,0.01443592,0.01470793,0.01475502,0.01478005,0.0145502,0.01459534,0.01498643,0.01487635,0.01458546,0.01507683,0.01500152,0.01520324,0.01517772,0.01559548,0.01568912,0.01593329,0.01590745,0.01616807,0.01611648,0.01621443,0.01640179,0.01681596,0.0169079,0.03674883
0.01620231,0.01462071,0.01501843,0.01611787,0.01727086,0.0174171,0.01672271,0.01631611,0.01608522,0.01610832,0.01564882,0.01545001,0.01571559,0.01598325,0.01557469,0.01558239,0.01542522,0.01552858,0.01526827,0.01551316,0.01512102,0.01495321,0.01528536,0.0152392,0.01503232,0.01502222,0.01517099,0.01528533,0.01502082,0.01526919,0.01505874,0.01529843,0.01521313,0.01572995,0.01574322,0.01556815,0.01612007,0.01626663,0.01620509,0.01662298,0.01671216,0.01662785,0.01676458,0.01681864,0.01708083,0.01760195,0.01747629,0.03767465
0.01677153,0.01281423,0.01311071,0.01394044,0.01533931,0.01553982,0.01473398,0.01453409,0.01433081,0.01459147,0.01427066,0.01395192,0.01414068,0.01409276,0.01396576,0.01398877,0.01379553,0.01402395,0.01394705,0.01389643,0.01357434,0.01363334,0.01354379,0.01376045,0.01366808,0.01357075,0.01375664,0.01369076,0.01345314,0.01342589,0.01349533,0.01350849,0.01381838,0.01393752,0.01419383,0.01405677,0.01422249,0.01427243,0.01435464,0.01469849,0.01470181,0.0148319,0.01504461,0.01514742,0.01531949,0.01534405,0.01566245,0.03353361
0.01732732,0.01277019,0.01288845,0.01380892,0.01481804,0.01488922,0.01477579,0.01433525,0.01442934,0.0142779,0.01406259,0.01390737,0.01391055,0.01386014,0.01361761,0.01366918,0.01353587,0.01370966,0.01382584,0.01375018,0.01357591,0.01361686,0.01353158,0.01357116,0.01342613,0.01336467,0.01335322,0.01344013,0.01346534,0.01331573,0.0133564,0.01360012,0.01352995,0.01346573,0.01348631,0.01351278,0.01388127,0.0140489,0.01404703,0.01442062,0.01437058,0.01454526,0.01440943,0.01454185,0.01479017,0.01492347,0.01520229,0.03263486
0.01787288,0.01282051,0.0130582,0.01398136,0.01465217,0.01511729,0.01489608,0.01472792,0.01458066,0.01467148,0.01445657,0.0142429,0.01442363,0.014352,0.01417728,0.01433527,0.01404003,0.01403962,0.01402419,0.01399277,0.01396152,0.01394392,0.01386705,0.01366768,0.01383667,0.013809,0.01373891,0.01387399,0.01394359,0.01400122,0.01384882,0.01391355,0.01380481,0.01388316,0.01406047,0.0139394,0.01433118,0.01443712,0.01467172,0.01478277,0.01459282,0.01483224,0.01487117,0.01508668,0.01520711,0.01514708,0.01540245,0.03304057
0.01841555,0.01216379,0.01237691,0.01301889,0.01398974,0.01447297,0.01439439,0.01401568,0.01395478,0.01408626,0.01376057,0.01379962,0.01383486,0.013674,0.01346369,0.01367584,0.01336008,0.01324472,0.01356824,0.01357379,0.0134947,0.01351226,0.01343122,0.01335658,0.01344731,0.0133869,0.01303899,0.01349083,0.01325669,0.01319129,0.01329189,0.01331039,0.01336432,0.01343392,0.01340519,0.01342142,0.01367197,0.01375986,0.01400558,0.01415282,0.01411358,0.01411987,0.01438127,0.01437871,0.01445461,0.0146683,0.01484451,0.03149173
0.01894984,0.01143796,0.01181066,0.01248187,0.01342745,0.01360309,0.01371618,0.01359467,0.0133,0.01320942,0.0131769,0.01308224,0.01329765,0.01313537,0.01303415,0.01303062,0.01290147,0.01300664,0.01283885,0.01280034,0.01270126,0.01265404,0.0127293,0.01271728,0.0127795,0.01261668,0.01253171,0.0127563,0.01259427,0.01282215,0.01270183,0.01250972,0.01256955,0.0128142,0.01277943,0.01280525,0.01316573,0.01327634,0.01315536,0.01335828,0.01332306,0.01333618,0.01355901,0.01368001,0.01393128,0.01370784,0.01396196,0.02972649
0.01948996,0.01065431,0.0109561,0.01150371,0.01234085,0.01246492,0.01242855,0.01254853,0.01232409,0.01242648,0.0124252,0.01201308,0.0121892,0.01221906,0.01210828,0.01212609,0.01187363,0.0119886,0.01214029,0.01205337,0.01181986,0.01193943,0.01182766,0.01168002,0.01190399,0.01199327,0.01196863,0.01189366,0.01184347,0.01189783,0.01194789,0.01176194,0.01168512,0.01188975,0.01204754,0.01196764,0.0120027,0.01210413,0.01221608,0.0124526,0.01234703,0.01249966,0.01266138,0.012795,0.01263813,0.01268024,0.01311566,0.02739869
0.02007657,0.0107484,0.01092694,0.01156511,0.01214825,0.01245811,0.01248953,0.01251347,0.01228867,0.01220824,0.0120547,0.01193841,0.01243314,0.01234489,0.01221747,0.01201136,0.01192735,0.01201785,0.01188051,0.01215114,0.01206718,0.01195793,0.01189925,0.01203975,0.01192389,0.01192864,0.01178467,0.01218527,0.01179234,0.01185527,0.0118779,0.01189653,0.01177753,0.01189832,0.01188555,0.01201824,0.01206663,0.0123903,0.01229925,0.01238758,0.0122361,0.01263068,0.01255622,0.01256673,0.01286792,0.01315173,0.01295518,0.02877483
0.02068736,0.01049651,0.0105666,0.01112803,0.01181404,0.01217335,0.01209425,0.01253492,0.0120602,0.0121828,0.01177045,0.01179949,0.01189156,0.01208617,0.01210589,0.01188571,0.01176102,0.01192716,0.01181739,0.01181801,0.01185816,0.01183831,0.01174377,0.01188527,0.01160768,0.01180924,0.01172578,0.01177362,0.01161124,0.01146984,0.01153979,0.01180141,0.01171302,0.0119259,0.011586,0.01176414,0.0121239,0.01183569,0.01210867,0.01225252,0.01228935,0.01229152,0.01248096,0.01232638,0.01249778,0.01266241,0.01278746,0.02756585
0.0213036,0.01016608,0.01028968,0.01069004,0.01138409,0.01168135,0.01175747,0.01167541,0.01153178,0.01164299,0.0115494,0.0111389,0.01146824,0.01164855,0.01156913,0.01136255,0.01120109,0.01151238,0.01127403,0.01150206,0.01114454,0.0112889,0.01140183,0.0114053,0.01129729,0.01104394,0.01121965,0.01146527,0.01122727,0.01140128,0.01120239,0.01117626,0.01119266,0.01130821,0.01147904,0.01141545,0.01166883,0.01162576,0.01148345,0.01198751,0.01182599,0.01163859,0.01191359,0.01211493,0.01199584,0.01219452,0.01225366,0.02625777
0.0218995,0.00960878,0.00989943,0.01035975,0.01076227,0.01104231,0.01105118,0.01097541,0.01089497,0.01087617,0.01092976,0.01078983,0.01107059,0.01096434,0.01096032,0.01081802,0.01071568,0.01087129,0.01085601,0.01087099,0.01082881,0.01085297,0.01085683,0.01087986,0.01075514,0.01073793,0.01070415,0.01085298,0.01067205,0.01075649,0.0108607,0.01084848,0.01063445,0.01083664,0.01095322,0.01102744,0.01094515,0.01090934,0.01087355,0.01114513,0.01122794,0.01120926,0.01135085,0.01138246,0.0115727,0.01145464,0.01158438,0.02471103
0.02250474,0.00885151,0.0091068,0.00938956,0.00977051,0.0099446,0.01006286,0.01011861,0.0100775,0.01003375,0.00989704,0.01006058,0.01012905,0.01014413,0.01009479,0.00996445,0.0099599,0.01001017,0.01008518,0.00999961,0.0099679,0.00998112,0.01000879,0.01013985,0.00999491,0.00993677,0.01003702,0.00985537,0.00998463,0.01004743,0.00984236,0.00986396,0.00999594,0.00997205,0.00994046,0.00998069,0.01019482,0.01011444,0.01033144,0.01048679,0.01043896,0.01052207,0.01051924,0.01062909,0.01059719,0.01059056,0.01070026,0.02358071
0.02314241,0.0086981,0.00888924,0.00922576,0.00960039,0.00980926,0.00971376,0.00978051,0.00973052,0.00973462,0.00967715,0.00965586,0.00968901,0.00980522,0.00968169,0.00973086,0.00960728,0.00991366,0.00971511,0.00977184,0.00981764,0.00981098,0.00986985,0.00980161,0.00971527,0.00970045,0.00981878,0.00983984,0.00976163,0.0098398,0.00991713,0.00961167,0.00978492,0.00976767,0.00981258,0.00966609,0.01004183,0.01001724,0.01005204,0.01024744,0.01004612,0.01013732,0.01026619,0.01035552,0.01033111,0.01041142,0.01044072,0.02268056
0.02375742,0.00869766,0.00892446,0.00920895,0.00947786,0.0096616,0.00963151,0.00965617,0.00975531,0.00975072,0.00970717,0.00966582,0.00971414,0.00974319,0.00989176,0.00973717,0.00962238,0.00984458,0.009825,0.00973604,0.00967042,0.0096635,0.00981215,0.00990098,0.00975019,0.0096463,0.00966351,0.00991901,0.00961583,0.00971819,0.00962159,0.00984078,0.00973502,0.00992226,0.00992274,0.0098597,0.00985826,0.00984301,0.00996999,0.01019171,0.01019421,0.01024812,0.01023332,0.01020635,0.01030188,0.01049163,0.01052133,0.02262504
0.02435559,0.00862332,0.00865212,0.00880685,0.0092131,0.00943304,0.00939021,0.00939829,0.00933651,0.00947434,0.00933877,0.00924934,0.0092676,0.00935954,0.00945626,0.00955445,0.00946518,0.00952158,0.00943368,0.00943242,0.00941116,0.00940939,0.00954434,0.00951766,0.00945635,0.00946692,0.00944052,0.00953974,0.00942933,0.00961626,0.00946304,0.00964213,0.00940557,0.00954505,0.00963594,0.00951803,0.00960772,0.0097908,0.00969355,0.00980234,0.00980984,0.00994434,0.01001075,0.00993838,0.01015574,0.0100408,0.01033971,0.02199791
0.02498771,0.00778896,0.0077697,0.0079935,0.00826042,0.0082703,0.00823046,0.00830631,0.0082208,0.00835137,0.00844383,0.0081857,0.00836708,0.00847048,0.00842801,0.00838884,0.00834719,0.00845646,0.00851939,0.00857756,0.00837148,0.0084319,0.00838988,0.00841568,0.00835143,0.00854116,0.00845398,0.00860436,0.00839958,0.00857653,0.00854955,0.00856741,0.00850626,0.00860769,0.00864801,0.0085024,0.00863925,0.00870743,0.00866461,0.00877538,0.00877227,0.00888423,0.00894794,0.00889581,0.00898672,0.00905714,0.00917094,0.01910038
0.0256409,0.00741902,0.00759185,0.00783253,0.00808766,0.00812951,0.00812211,0.00792775,0.00807894,0.00811153,0.00805732,0.00810782,0.0082584,0.00820722,0.00817109,0.00826125,0.00808198,0.00823621,0.00824386,0.00824912,0.00822068,0.00829983,0.0082484,0.00828971,0.00818966,0.0083609,0.0083417,0.00840483,0.00821733,0.00850278,0.00837458,0.00835623,0.0082923,0.00842859,0.00844158,0.00848756,0.00860949,0.00854512,0.00863351,0.008744,0.00870562,0.00871282,0.00882263,0.00878476,0.00892568,0.00893802,0.0089186,0.01873789
0.02627318,0.00771805,0.00777477,0.00793049,0.00811317,0.0081402,0.00814372,0.0081923,0.00804433,0.00810455,0.00813432,0.00813021,0.0081494,0.00824831,0.00832147,0.00823344,0.00822939,0.0082764,0.00838145,0.00854833,0.00824518,0.00835157,0.00826727,0.00842553,0.00835782,0.00834122,0.00841999,0.00847955,0.00834288,0.00850928,0.00845562,0.00841145,0.0084534,0.00868675,0.00866933,0.00848101,0.00857742,0.0086165,0.00867094,0.00878553,0.00877912,0.00886631,0.00880678,0.00894264,0.00895376,0.0090199,0.00907418,0.01847626
0.02690443,0.00729081,0.00738218,0.00753373,0.00781461,0.00773881,0.00766839,0.00771077,0.00770694,0.00772386,0.00767791,0.00761287,0.00787806,0.00798528,0.00781461,0.0078812,0.00789966,0.00791203,0.00794896,0.00804312,0.00797304,0.00802136,0.007899,0.00804463,0.00802459,0.00804291,0.00794312,0.00806427,0.00796542,0.00816206,0.00828377,0.00809215,0.00812405,0.00815191,0.00815059,0.00819092,0.0082187,0.00832015,0.00826444,0.00836801,0.00828286,0.00832668,0.00831147,0.00841331,0.00848877,0.00847163,0.00861578,0.01864464
0.02756025,0.00693672,0.00706218,0.00728115,0.0072631,0.00742756,0.00733645,0.00733454,0.00724194,0.00747407,0.00732312,0.00721508,0.00735669,0.00749023,0.00747062,0.0074592,0.00742305,0.0076413,0.00755982,0.00749389,0.00751225,0.00754449,0.00751344,0.00760959,0.0075395,0.00750095,0.00767434,0.00766349,0.00764717,0.00778814,0.00776526,0.00767257,0.00760842,0.00770664,0.00778772,0.00775042,0.00778225,0.00795021,0.007907,0.00790356,0.00790139,0.00795599,0.00798858,0.00810688,0.00816526,0.00798416,0.00829714,0.01735493
0.0282151,0.00703979,0.00704939,0.0072392,0.00731902,0.00735863,0.00732475,0.00728237,0.00727249,0.00741047,0.00741224,0.00732086,0.0074001,0.00742106,0.0074053,0.00750288,0.00746772,0.00751045,0.00755484,0.00747302,0.00754615,0.0075423,0.0076003,0.00771563,0.00756254,0.00753542,0.00759761,0.00772782,0.00752335,0.0077062,0.00770865,0.00768678,0.0076438,0.00766286,0.00779455,0.00773199,0.00791768,0.00788998,0.0078204,0.00800444,0.00809714,0.00813704,0.00802764,0.00801766,0.00816132,0.00811919,0.00829289,0.01694543
0.02888519,0.00724602,0.00722168,0.00737594,0.00744695,0.00735959,0.00744627,0.00740988,0.00733931,0.00752302,0.0074492,0.00743333,0.00750901,0.00752542,0.00752494,0.00762334,0.0076003,0.00766117,0.00760231,0.00767581,0.00764401,0.00771102,0.00772423,0.00774837,0.00774976,0.00771071,0.00780498,0.00781909,0.00763019,0.00789299,0.00789991,0.00781456,0.00773909,0.00783046,0.00797944,0.00793438,0.00804196,0.00800653,0.008097,0.00825712,0.00811572,0.00808781,0.0082322,0.00815598,0.00835635,0.00835001,0.00841464,0.01731743
0.02955448,0.00704815,0.00710877,0.0072666,0.00727804,0.00737104,0.00730054,0.00728548,0.00722535,0.00729293,0.00727259,0.00719932,0.00739447,0.00750808,0.00729515,0.00735472,0.00737768,0.00748035,0.00747725,0.00753773,0.0074586,0.00749143,0.00758838,0.0074594,0.00748693,0.00749018,0.0074978,0.00760739,0.00757354,0.00772474,0.0077796,0.00775737,0.00763706,0.00770368,0.00775218,0.00770205,0.00775637,0.00775574,0.00787873,0.00788548,0.00793048,0.00797914,0.00798475,0.00804839,0.00811012,0.00815908,0.00818365,0.01698966
0.03024468,0.0076195,0.00763522,0.00760314,0.00774,0.00767739,0.00763521,0.00768595,0.00758734,0.00768751,0.00772577,0.00773387,0.00782264,0.00781443,0.00784372,0.00776948,0.00773737,0.00788,0.00784626,0.00781218,0.00794587,0.00801325,0.00798522,0.00805385,0.00803967,0.00820402,0.00799556,0.00814583,0.00809318,0.0081637,0.00816265,0.00825122,0.00818148,0.00836858,0.00832791,0.00807891,0.00836291,0.00841816,0.00839738,0.00847084,0.00844987,0.00869637,0.00842891,0.00860789,0.00868376,0.0085957,0.00866369,0.01831845
0.03095335,0.00759013,0.0076058,0.00776512,0.00777223,0.00768446,0.00776917,0.00774657,0.00779597,0.00792729,0.00770622,0.00776976,0.00790758,0.0078337,0.00796366,0.00786435,0.00772562,0.00796749,0.00789527,0.00788392,0.00791965,0.00804235,0.00789622,0.00801502,0.00788646,0.00808768,0.00810185,0.00817288,0.00823416,0.0081004,0.00816935,0.00819899,0.0081229,0.00825448,0.00817886,0.00831026,0.00835,0.0084955,0.0084774,0.00853502,0.00855631,0.00859072,0.00861427,0.00863148,0.00869253,0.00876244,0.00880849,0.01761625
0.03167828,0.00793505,0.00785026,0.00806886,0.00815744,0.00806757,0.00796482,0.0078414,0.00797504,0.00805725,0.00802891,0.00798751,0.00804176,0.0081416,0.0081587,0.00807374,0.00815876,0.00823819,0.00811451,0.00813922,0.00816564,0.00833589,0.0082818,0.00832645,0.0081239,0.00833867,0.00845396,0.00837085,0.00847277,0.00854718,0.00844922,0.0084807,0.00848161,0.00845258,0.00864377,0.00846586,0.00868434,0.00853372,0.00867717,0.00891315,0.00873396,0.00880267,0.00879082,0.00905618,0.00893278,0.0089743,0.00910517,0.01910061
0.0324091,0.00820263,0.00835339,0.00851148,0.00854288,0.0085464,0.00846998,0.0082324,0.00838938,0.00845256,0.00840562,0.0084439,0.00850826,0.0083481,0.00839819,0.00848006,0.00842219,0.00846552,0.00856624,0.00853649,0.00844317,0.0087193,0.00866393,0.00860132,0.00856624,0.00860613,0.00857227,0.00874062,0.00866483,0.00890829,0.00879172,0.00890055,0.00889009,0.00900861,0.00897954,0.00884594,0.00901316,0.00905624,0.00909639,0.0091806,0.00916049,0.00924372,0.00932552,0.00929873,0.00934544,0.00935259,0.00941782,0.01898441
0.03315314,0.00873881,0.00879453,0.00883648,0.00891111,0.00919642,0.00876926,0.00868088,0.00867981,0.00878626,0.00890872,0.00878945,0.00900455,0.00870882,0.00901786,0.00887056,0.00882219,0.00908529,0.00920653,0.00889014,0.0089702,0.00905499,0.00878883,0.0091259,0.00904286,0.0092212,0.00922137,0.0092527,0.0092144,0.00935354,0.00937477,0.00933439,0.00930762,0.00940495,0.00943091,0.00917136,0.00937361,0.00968511,0.00964437,0.00974789,0.00951685,0.00968857,0.00973843,0.00971873,0.00999498,0.0099963,0.01013571,0.02038744
0.03391944,0.00921497,0.00928318,0.00928516,0.00940489,0.00928908,0.00909828,0.00919714,0.00914234,0.00929023,0.00913755,0.00902864,0.00928306,0.0092432,0.00914469,0.00927471,0.00930489,0.00944729,0.00928609,0.00926748,0.00937511,0.00942087,0.00948034,0.0094098,0.00954832,0.00944203,0.00961467,0.00945941,0.00941162,0.0097764,0.00961824,0.00966049,0.00976367,0.00962816,0.00990327,0.00971325,0.00994009,0.01000603,0.00991484,0.01020271,0.01007364,0.01017714,0.01015706,0.01019658,0.01001105,0.01026893,0.01023928,0.02130596
0.03469539,0.00962679,0.00958054,0.00974827,0.00990864,0.00977018,0.00974933,0.00986084,0.00969283,0.00980318,0.00957847,0.00935978,0.00972337,0.00965428,0.00985338,0.00962006,0.00983585,0.01009091,0.00991664,0.01008357,0.00960821,0.00983307,0.00996577,0.00996635,0.00981865,0.00982415,0.00980753,0.01014764,0.00986266,0.01002076,0.01015992,0.01008184,0.01020687,0.0101869,0.010355,0.01034722,0.0103455,0.01024233,0.01045785,0.01080358,0.0105232,0.01064499,0.01060508,0.01054577,0.01058619,0.01084175,0.01101163,0.0219061
0.03548655,0.01017779,0.01002346,0.01044943,0.0104427,0.01025662,0.01007425,0.00997634,0.00976956,0.01013018,0.00981487,0.0102446,0.01024037,0.01046502,0.01012756,0.0098753,0.01018017,0.01021376,0.01003888,0.01005664,0.01004056,0.01035742,0.01020197,0.01043218,0.01042628,0.01048057,0.01039852,0.0106062,0.010573,0.01060986,0.01067368,0.01071127,0.0104297,0.01069232,0.01068157,0.01048128,0.01072001,0.01103631,0.01095014,0.01126205,0.01107651,0.01122732,0.01116968,0.0109574,0.01137061,0.01102733,0.0110341,0.02409906
0.0362792,0.01094418,0.01096282,0.01076362,0.01107648,0.01085623,0.0105606,0.01088088,0.01064343,0.01096104,0.01073853,0.01053012,0.01088468,0.01059236,0.01096913,0.01066054,0.01105354,0.01094807,0.01115939,0.0107861,0.01100433,0.01104523,0.01109628,0.01116661,0.01111784,0.01099319,0.01102418,0.01120792,0.01122384,0.01132749,0.01100428,0.01119355,0.01118691,0.01157133,0.01165141,0.0114261,0.01151543,0.01156163,0.01184931,0.01198335,0.01158994,0.01185959,0.01173328,0.01191429,0.01188681,0.01209186,0.01219732,0.02427772
0.03708229,0.01174737,0.01157698,0.0119529,0.01175072,0.01159457,0.01186267,0.01136935,0.01154496,0.01155907,0.01139541,0.01164299,0.01165475,0.0114557,0.01200915,0.01193165,0.0118157,0.01177879,0.0118455,0.01198969,0.01150812,0.0120051,0.01168939,0.01181528,0.01192917,0.0120927,0.01195031,0.01198332,0.01225836,0.01202702,0.01202791,0.01209594,0.0118276,0.0121903,0.01234915,0.01208781,0.01270387,0.01237602,0.01265099,0.01272434,0.0124373,0.01258719,0.01277698,0.01262477,0.01258803,0.01317424,0.01315631,0.0259031
0.03790986,0.0133746,0.01276155,0.01260355,0.01299202,0.01282192,0.01305719,0.01272872,0.01257637,0.01282948,0.01286794,0.01282292,0.01260438,0.01275111,0.01319345,0.01306885,0.01251319,0.01266425,0.01257141,0.01306856,0.01298872,0.01293611,0.01290195,0.01302803,0.01331765,0.01324836,0.01287619,0.01355481,0.01333504,0.01335896,0.01300555,0.01326795,0.01342407,0.01331195,0.0130385,0.01377074,0.01354751,0.01371009,0.0135997,0.0135764,0.01413655,0.01392374,0.01366611,0.01425919,0.01423938,0.01440333,0.01411722,0.02805486
0.03875149,0.0146044,0.01463117,0.01471551,0.01452008,0.01443453,0.01449387,0.01406873,0.01422105,0.01454567,0.01403465,0.01435234,0.01442387,0.01427513,0.01453587,0.01437399,0.01411208,0.0146244,0.01423842,0.01475574,0.01420851,0.01421478,0.0144903,0.01443629,0.01455453,0.01511053,0.01447536,0.0149878,0.0147788,0.01454131,0.0147209,0.01525857,0.01490776,0.01469531,0.01502432,0.0146117,0.0152237,0.01484831,0.01575728,0.01549051,0.01556111,0.01553797,0.01578649,0.0155355,0.01564842,0.01564593,0.01550604,0.03245919
0.0395822,0.01582403,0.01696481,0.01708297,0.01651208,0.01627315,0.01587848,0.01648221,0.01619091,0.01613982,0.01639941,0.01650193,0.01690688,0.01659966,0.0165361,0.01612535,0.01676143,0.01649988,0.01628546,0.01615936,0.016774,0.01668878,0.01718494,0.01703382,0.016078,0.01668436,0.01671298,0.01654124,0.01648614,0.01703683,0.01722393,0.01689299,0.01736751,0.01754642,0.01741549,0.01713222,0.01751779,0.01761512,0.01718352,0.01726068,0.01757859,0.01759019,0.01820262,0.01819704,0.01803927,0.01748457,0.0178359,0.0323786
0.04041491,0.02177209,0.02356228,0.02283474,0.02206177,0.02304533,0.02380837,0.02164893,0.02198619,0.0225697,0.02196988,0.02197691,0.02331954,0.02252166,0.02273312,0.02315373,0.02232052,0.02228016,0.02381979,0.02280269,0.02272214,0.02345581,0.02313717,0.02195685,0.0235762,0.02179214,0.02157266,0.02214969,0.02212276,0.02291982,0.02262675,0.02229314,0.02312434,0.02340427,0.02392724,0.0236992,0.02302752,0.02301327,0.02309866,0.02365657,0.02397467,0.02416274,0.02470899,0.02476586,0.02443059,0.02395523,0.02510824,0.04550993
0.04126428,0.03469664,0.03242089,0.03328535,0.03149005,0.03385256,0.0309153,0.02916543,0.03151568,0.02926538,0.02827334,0.03235649,0.03339999,0.02867851,0.03072665,0.03223685,0.03269919,0.03034226,0.03237602,0.03133204,0.03284068,0.0312366,0.03364851,0.03195282,0.03282329,0.03070891,0.03392672,0.0322576,0.03039687,0.03298136,0.0346314,0.03310923,0.03326618,0.03544636,0.03327549,0.03274966,0.02887143,0.03270506,0.03331773,0.0363716,0.0335868,0.03427406,0.03480346,0.03415135,0.0353238,0.03410588,0.03401444,0.0682284
0.04215607,0.07756621,0.07203515,0.06892888,0.04941644,0.07159357,0.06809922,0.05812946,0.05792247,0.06559402,0.07385878,0.06807279,0.04952029,0.05797002,0.06503942,0.03364323,0.06791379,0.05814626,0.04527182,0.0722336,0.05778385,0.06873101,0.04933499,0.05805893,0.06879449,0.065785,0.03375062,0.07233063,0.0740954,0.07488858,0.04475299,0.06867968,0.07149204,0.03998911,0.05814283,0.06461999,0.04981468,0.04978931,0.06838673,0.06510579,0.06808791,0.09079132,0.07419162,0.06839067,0.08282871,0.0645238,0.05354549,0.17820813
0.04377114,0.00873448,0.00913573,0.00881774,0.00909848,0.00872263,0.00874899,0.00877251,0.00848969,0.0085542,0.00863882,0.0085774,0.00846025,0.00851347,0.00866498,0.0084235,0.008846,0.00876083,0.00859287,0.00882149,0.00846551,0.00903496,0.00897302,0.00876766,0.00865338,0.00877805,0.00904464,0.00899274,0.00894983,0.00892629,0.00880151,0.00906111,0.00920233,0.00884593,0.00898234,0.00918392,0.00926,0.00957359,0.00938838,0.00920185,0.00927102,0.00945017,0.00982281,0.00952259,0.00982199,0.00972501,0.00967441,0.02075844
0.04484714,0.00508071,0.00509097,0.00512347,0.00506645,0.00502748,0.00508032,0.00505073,0.00496542,0.00502059,0.00503582,0.00501612,0.00508312,0.00503592,0.00501731,0.00502518,0.00505626,0.00513151,0.0050774,0.00507237,0.00503856,0.00507616,0.00508281,0.0050893,0.0050045,0.00506679,0.00510217,0.00516233,0.00516323,0.00517617,0.00509939,0.00529485,0.00516146,0.00529357,0.0053241,0.00519491,0.00536507,0.00533921,0.00531124,0.00537967,0.00533711,0.00534951,0.00547437,0.00549082,0.005547,0.0055052,0.00551396,0.01108346
0.04650977,0.00654385,0.00647248,0.00635199,0.00633576,0.00631169,0.00629928,0.00639019,0.0062994,0.00626074,0.0063327,0.00636803,0.00639778,0.00633536,0.00632389,0.00627967,0.00624648,0.00636241,0.00632898,0.00624077,0.00640691,0.00628739,0.00635483,0.00646362,0.00648447,0.0064205,0.00636524,0.0064444,0.00639279,0.00638221,0.00648761,0.00644999,0.00651137,0.00654952,0.00668747,0.00655424,0.00671017,0.00667877,0.00671755,0.00681679,0.00671706,0.0067713,0.00681719,0.00691188,0.00681522,0.00696947,0.00681607,0.01446196
0.04797651,0.0071808,0.00727629,0.00734614,0.00726649,0.00704343,0.00715675,0.00722554,0.00707701,0.00726042,0.00702886,0.00699313,0.00703213,0.00714051,0.00708843,0.007149,0.00712078,0.00720142,0.00713539,0.00730287,0.00718324,0.00712123,0.00725933,0.0070478,0.00712192,0.00721495,0.00722389,0.00734515,0.00729176,0.00736011,0.00726284,0.0070644,0.00739741,0.00741949,0.00733968,0.00738619,0.00744354,0.00751082,0.00758094,0.00764881,0.00760075,0.00755085,0.00755818,0.00758962,0.00769904,0.00763713,0.0077649,0.01508239
0.04947691,0.00478888,0.00486101,0.00468686,0.00474797,0.00478472,0.00467047,0.00464668,0.00464916,0.0047016,0.00476596,0.0046429,0.00474072,0.00462488,0.00466522,0.00471734,0.0047185,0.00477416,0.00474753,0.00475833,0.00462513,0.00476307,0.00464969,0.00478916,0.00475308,0.00476911,0.00477303,0.00482621,0.00473872,0.0047815,0.00475311,0.0048413,0.00482543,0.00483312,0.00497222,0.00491231,0.00491079,0.00482498,0.00491177,0.00501266,0.00504813,0.00488283,0.00499302,0.00501548,0.00503574,0.00503317,0.00517541,0.01055327
0.05087326,0.00499296,0.00498267,0.00494689,0.00499807,0.00501433,0.00492754,0.00509379,0.00500732,0.00495801,0.00491106,0.00488641,0.00492538,0.00503785,0.00494197,0.00489031,0.0049107,0.0049228,0.00494112,0.00498663,0.00499434,0.00500559,0.00493097,0.00497095,0.00497362,0.00488656,0.00492582,0.00498574,0.00494615,0.00503196,0.00500929,0.00508285,0.00503377,0.00507201,0.00506539,0.0051167,0.00516738,0.0050952,0.00518302,0.00523638,0.00521712,0.00521372,0.00521645,0.00525431,0.00529306,0.00528799,0.00523412,0.01037862
0.05233639,0.0054611,0.00545864,0.00545739,0.0054747,0.0054361,0.00544158,0.00544311,0.00536415,0.00540167,0.00535935,0.00535726,0.00539062,0.00547407,0.00541495,0.00524561,0.00546425,0.00532573,0.00538904,0.00538692,0.00543936,0.00533864,0.00538497,0.00548133,0.00535465,0.00545727,0.0054327,0.00550638,0.00545615,0.00548852,0.00549307,0.00540407,0.00546259,0.00548481,0.00560415,0.00555666,0.00564347,0.00560774,0.00562912,0.00563665,0.0056604,0.00559653,0.00567731,0.00567577,0.00570917,0.00579669,0.00575821,0.01075114
0.05420832,0.00441797,0.00440188,0.00437664,0.00445867,0.00442982,0.00437359,0.00439466,0.0043231,0.00437151,0.00433798,0.00431856,0.00440542,0.00440611,0.00435917,0.00433137,0.00437919,0.00437368,0.0043657,0.00444112,0.00437715,0.00435466,0.00446599,0.0044345,0.00441028,0.00440596,0.00445704,0.00451056,0.00443076,0.00444645,0.00446155,0.00451428,0.00454117,0.00450846,0.00456805,0.00449122,0.00459593,0.00453426,0.00454798,0.00459153,0.00461027,0.00459702,0.00465452,0.00466683,0.00473787,0.00468108,0.00470226,0.00898819
0.05569143,0.00423041,0.0042422,0.00430595,0.00431713,0.00427132,0.00422028,0.00428708,0.00420234,0.0041876,0.00417067,0.00420176,0.00427009,0.00422246,0.00427657,0.00422918,0.00423637,0.00417069,0.00425012,0.00420019,0.00426861,0.00428348,0.00426966,0.00421745,0.00422081,0.00420764,0.00422339,0.00427896,0.00416992,0.00428743,0.00431305,0.00432044,0.00426549,0.00427087,0.00431131,0.0042976,0.0043388,0.00438327,0.00439963,0.00440691,0.00441377,0.004453,0.00444975,0.00444533,0.00445004,0.00445204,0.00452045,0.00929488
0.05725485,0.00472293,0.00473729,0.00473754,0.00470992,0.00469514,0.0046114,0.00467865,0.00468722,0.00464663,0.00467107,0.00466295,0.0046782,0.00467403,0.0047107,0.00466776,0.00463607,0.00469138,0.0047084,0.00467552,0.00471582,0.004655,0.00464219,0.0047652,0.00467277,0.00468063,0.00474082,0.00479132,0.00475991,0.00474115,0.00472162,0.00471178,0.00471112,0.00478986,0.00468372,0.0048042,0.00478551,0.00482603,0.00477373,0.00492093,0.00493906,0.00486744,0.00484065,0.00481191,0.00482774,0.00487216,0.0048809,0.00954134
0.05911144,0.00466813,0.00460753,0.00462141,0.00455718,0.00457386,0.00458103,0.00458777,0.00453123,0.00461798,0.00455411,0.00449657,0.0045837,0.00460757,0.00466168,0.00453313,0.00455386,0.00458055,0.0045692,0.00460497,0.00449244,0.00469353,0.00458879,0.00459843,0.00449973,0.00460324,0.00460071,0.00467083,0.00454524,0.00459855,0.00458252,0.00458303,0.00463542,0.00468531,0.00468701,0.00466768,0.00467109,0.0047806,0.0047137,0.00478094,0.00474908,0.00480819,0.00483626,0.00479039,0.00481641,0.00483802,0.00477824,0.00985202
0.06066492,0.00341426,0.00344135,0.00344885,0.0033965,0.0034082,0.00340816,0.00342071,0.00339475,0.00340791,0.00342877,0.00337858,0.00337784,0.00342298,0.00343917,0.00339284,0.0034055,0.00338002,0.00340062,0.00344833,0.00339121,0.00339488,0.00339345,0.00343196,0.00341088,0.00342839,0.00346079,0.003448,0.00341586,0.00345306,0.00346552,0.00345383,0.00343711,0.00348752,0.00354804,0.0034727,0.00349,0.00351053,0.00349903,0.00351207,0.00354305,0.0035022,0.00350049,0.00354873,0.00356657,0.0035288,0.00358177,0.00684802
0.06240666,0.00431491,0.00435534,0.00440002,0.0043905,0.00437679,0.00427679,0.00429941,0.00423937,0.00427895,0.00428072,0.00425664,0.0043462,0.00430613,0.0043105,0.00432955,0.00426601,0.00431202,0.00432685,0.00436966,0.00432165,0.00429491,0.00432483,0.0043666,0.00431166,0.00435468,0.00431292,0.00433164,0.00427019,0.0043867,0.00434517,0.00439956,0.00433942,0.00437163,0.00437895,0.00437835,0.00446298,0.00438682,0.00441607,0.00451576,0.00448373,0.00443276,0.00450988,0.00444599,0.00449844,0.00451332,0.00442979,0.00881927
0.06435077,0.00408141,0.00406428,0.00398225,0.00392121,0.0039578,0.00391172,0.00400631,0.00392045,0.00394896,0.00390067,0.00386439,0.00394834,0.00399651,0.00398953,0.00400113,0.00395747,0.00397889,0.00398401,0.00395951,0.00390785,0.00397472,0.00399532,0.00397579,0.00394676,0.00396818,0.00395537,0.00405145,0.00394749,0.00404668,0.00396025,0.00401708,0.0040371,0.00403789,0.00398214,0.00404773,0.00402464,0.00402574,0.00404076,0.00410552,0.00408367,0.00411492,0.00411016,0.0040843,0.00406195,0.00412039,0.00414274,0.00822974
0.06578654,0.00325098,0.00323475,0.0032413,0.00324592,0.00323562,0.00318869,0.00323912,0.00323998,0.00320756,0.00324171,0.00318572,0.00322378,0.00320495,0.00324029,0.00320527,0.00320535,0.00324779,0.00323396,0.0032246,0.00321926,0.00324549,0.00321835,0.00324394,0.00322035,0.00323909,0.00325237,0.00327457,0.00320835,0.00327744,0.00322497,0.00329219,0.00323712,0.00324616,0.0033051,0.00325744,0.0033061,0.00330405,0.00325729,0.00333351,0.00330069,0.00329398,0.00334697,0.0033462,0.0033347,0.00330626,0.00332184,0.00632348
0.06745193,0.00361959,0.00362585,0.00363982,0.00356949,0.00359,0.00361519,0.00362614,0.00358989,0.00362047,0.00363909,0.0035978,0.00359215,0.00363053,0.00361091,0.00363197,0.00359089,0.00360325,0.00365014,0.00363305,0.00361993,0.00361249,0.0036193,0.00360167,0.00359306,0.00362767,0.00359022,0.00364586,0.00361633,0.00366466,0.00361943,0.00363203,0.00366444,0.00363156,0.00368109,0.00364554,0.00369719,0.00369793,0.00368503,0.00374616,0.00368023,0.00364099,0.00373442,0.003717,0.00371735,0.00371097,0.00373501,0.00747231
0.06948883,0.00357351,0.0035366,0.00357195,0.0034923,0.00347958,0.00353636,0.00354796,0.00349919,0.00352543,0.00349197,0.00350596,0.0034815,0.00350476,0.00352496,0.00352381,0.00348185,0.00353281,0.00354189,0.00350096,0.00346814,0.00349432,0.00352704,0.00360496,0.00352518,0.00350923,0.00350442,0.0034999,0.00352687,0.00359765,0.00352567,0.00348357,0.00357131,0.00357744,0.00358602,0.0036131,0.00361702,0.00360556,0.00358244,0.00363903,0.00357236,0.00364216,0.00361095,0.00364533,0.00363432,0.00362444,0.00367687,0.00696724
0.07107822,0.00303478,0.00299032,0.00297382,0.00296277,0.00295941,0.00295973,0.00298467,0.00293021,0.00295889,0.0029369,0.00293507,0.0029519,0.00295286,0.0029881,0.00294691,0.00293576,0.00295472,0.0029671,0.00296952,0.00295955,0.00297919,0.00297856,0.00299824,0.00297029,0.00296859,0.00301781,0.00297344,0.00295498,0.0029588,0.00297633,0.00299475,0.00298721,0.00303074,0.00297338,0.00296152,0.00301676,0.00297315,0.00301016,0.00302744,0.00304555,0.0030158,0.00302503,0.00305285,0.00305286,0.00304682,0.00303834,0.00590497
0.07293509,0.0033658,0.00336689,0.00336441,0.00336355,0.00334768,0.00332096,0.00334968,0.00331732,0.00335056,0.00331705,0.00330658,0.00333911,0.00333791,0.00334791,0.00332129,0.00330267,0.00331079,0.0033881,0.00332781,0.00330873,0.00332848,0.00334028,0.00331359,0.00330889,0.00334729,0.00336047,0.00337209,0.00334504,0.00336209,0.00333968,0.00336028,0.00335185,0.00337351,0.00336622,0.00336181,0.00339592,0.00339691,0.00334255,0.00339974,0.00336993,0.0034151,0.00340314,0.00341162,0.00338921,0.00344241,0.00339619,0.00653044
0.07497173,0.00294545,0.00299463,0.00294855,0.00294271,0.00293277,0.00289534,0.00298337,0.0029283,0.00290057,0.00290158,0.00292235,0.00292826,0.00295185,0.00295843,0.0029144,0.00290457,0.00296436,0.0029582,0.00294038,0.00293197,0.00293609,0.00294312,0.00296415,0.0029128,0.0029589,0.00293051,0.00297937,0.00292905,0.00295731,0.00293641,0.00296047,0.00294282,0.00299459,0.00299381,0.00295537,0.00298896,0.00296811,0.00295847,0.00301421,0.00297749,0.00299612,0.00300212,0.0029884,0.00299069,0.00298216,0.00302546,0.00591794
0.07666089,0.0029736,0.0029188,0.00295151,0.00294446,0.00295562,0.00293197,0.00293844,0.00291398,0.00292706,0.00292293,0.00289516,0.00294609,0.00295089,0.00294918,0.00290526,0.00292778,0.00294765,0.00293318,0.00294532,0.00292802,0.0029546,0.00291682,0.00294457,0.00292332,0.00294514,0.00296226,0.00297342,0.00292483,0.00298335,0.0029415,0.00293167,0.00294733,0.0029966,0.0029623,0.00295462,0.00299161,0.00297402,0.00297118,0.00302391,0.00296114,0.00297151,0.00298189,0.00298645,0.00297557,0.00300932,0.00302096,0.00563108
0.07863461,0.00308544,0.00308167,0.00306261,0.00305766,0.00307703,0.00306067,0.00307957,0.00304571,0.00308731,0.00304266,0.00304045,0.00309365,0.00306465,0.00308637,0.00305907,0.00303747,0.00308769,0.00308866,0.00308454,0.00308807,0.00305822,0.00303071,0.00310931,0.00307454,0.00305936,0.00305412,0.00302415,0.00306086,0.00303395,0.00305837,0.00307536,0.00307687,0.00310078,0.00310037,0.00310221,0.00308838,0.00305067,0.00310695,0.00309577,0.00305896,0.00309446,0.0030918,0.00312013,0.0031024,0.00309274,0.00312282,0.00596131
0.08065245,0.0026291,0.00264903,0.00263663,0.00265765,0.002623,0.00263758,0.00261906,0.00260634,0.00263392,0.00264104,0.00260429,0.00265049,0.0025973,0.00265945,0.00266903,0.00261504,0.00261371,0.0026456,0.00265763,0.0026165,0.00262334,0.00260887,0.0026297,0.00264436,0.00265172,0.00259846,0.00266234,0.00262618,0.00265508,0.00264215,0.0026724,0.00264553,0.00265076,0.00266988,0.00264192,0.00266106,0.00266261,0.00265632,0.00265924,0.00268452,0.0026712,0.00267029,0.00267029,0.00267674,0.00266091,0.00266946,0.00510005
0.08248929,0.00283652,0.00284599,0.00282057,0.00280139,0.00280804,0.00279104,0.00279717,0.00281296,0.00281589,0.00279307,0.00277668,0.00280757,0.00280758,0.00279895,0.00279943,0.00280016,0.00281512,0.00280494,0.00282739,0.00279832,0.00282025,0.00280241,0.00281333,0.00280434,0.00279295,0.00277728,0.00281566,0.0028002,0.00279774,0.00277983,0.00280604,0.00282722,0.00283521,0.00279688,0.00278517,0.0028323,0.00283867,0.00282595,0.00283682,0.00284974,0.00283806,0.00280695,0.0028277,0.00285065,0.00282741,0.00288178,0.00531445
0.0846544,0.0028293,0.00285642,0.00286906,0.00284574,0.00281349,0.00282439,0.00283374,0.00281414,0.00284578,0.00284783,0.00278578,0.00281948,0.0028368,0.00285933,0.00283254,0.00283897,0.00283623,0.00286166,0.00283865,0.0028152,0.00280827,0.00282215,0.00284795,0.0028445,0.00281665,0.00284752,0.00282435,0.00285042,0.00283985,0.00285598,0.0028068,0.00283244,0.00285674,0.00282688,0.0027918,0.00289893,0.00287457,0.00284193,0.00287745,0.00285075,0.00286932,0.00288835,0.00285924,0.00284536,0.00284777,0.00288716,0.00546046
0.0866059,0.00243797,0.00240721,0.00240991,0.00239301,0.00241658,0.00237775,0.00238778,0.0023808,0.00239289,0.00238508,0.00237611,0.00241462,0.00239355,0.00241239,0.00240273,0.00238671,0.00238758,0.00239095,0.00240895,0.00237484,0.0024061,0.00241595,0.00238187,0.00238851,0.00240946,0.0024012,0.00238881,0.00240489,0.00240582,0.00240877,0.00239516,0.00239795,0.002413,0.00242428,0.00240804,0.00243774,0.00241826,0.00240901,0.00241475,0.00244054,0.00241407,0.00243243,0.00240786,0.00240838,0.00242209,0.00242963,0.00445908
0.08871885,0.00265004,0.0026454,0.00266493,0.00265215,0.00265947,0.00265254,0.00265526,0.00265267,0.00265823,0.00265053,0.00263342,0.00264181,0.00267343,0.00266994,0.00264415,0.002646,0.0026631,0.00265362,0.00267646,0.0026384,0.00262318,0.00263463,0.00269667,0.00261478,0.00266245,0.00264919,0.00265436,0.00262568,0.00268661,0.00263719,0.00265824,0.00264339,0.0026632,0.0026563,0.00264918,0.00270251,0.00265839,0.00263018,0.00267183,0.00265457,0.0026489,0.00266129,0.00266664,0.00266784,0.00268477,0.00266207,0.00488743
0.09085082,0.00234273,0.00231614,0.00231954,0.00232427,0.0023432,0.00230884,0.0023414,0.00231757,0.00234003,0.00232085,0.00230787,0.00232353,0.00234803,0.00234729,0.00232815,0.00230478,0.0023328,0.00233496,0.00233741,0.00233311,0.00232144,0.00233466,0.00233836,0.00231565,0.00233667,0.00234626,0.00234081,0.00231517,0.0023511,0.00231388,0.00234194,0.00231912,0.00234243,0.0023378,0.00231671,0.00232812,0.00232643,0.00234805,0.00235384,0.00235315,0.00233408,0.0023549,0.00234577,0.00233859,0.00234044,0.00234967,0.00438971
0.09286153,0.00243558,0.00246002,0.00243929,0.00243459,0.00244489,0.00242088,0.00242828,0.00244642,0.00242527,0.00242554,0.00240488,0.00242833,0.00241071,0.00243694,0.00243396,0.00242569,0.00246286,0.00243363,0.00244283,0.00241988,0.00243674,0.00243608,0.00242896,0.00242547,0.00245142,0.00242386,0.00244096,0.00244572,0.0024551,0.00241389,0.00247046,0.00243375,0.00246968,0.00243519,0.00242631,0.00244491,0.00244905,0.00241206,0.00245669,0.00243147,0.00243649,0.00245432,0.00245341,0.00245278,0.00241766,0.00246655,0.0046165
0.09525239,0.00243737,0.00247529,0.00247365,0.00242729,0.00248045,0.00244269,0.00245969,0.00243818,0.00241778,0.00243527,0.00242611,0.00243299,0.00242601,0.00245217,0.00245009,0.0024529,0.00244603,0.00243597,0.00243644,0.00243838,0.00242607,0.00239097,0.00242812,0.00241755,0.0024183,0.00245345,0.00244582,0.00242616,0.00244936,0.00244843,0.00243763,0.00245452,0.00246511,0.00248468,0.00245489,0.00246201,0.00245927,0.00243783,0.00247374,0.00242836,0.00245438,0.00242311,0.00242393,0.00244015,0.00245024,0.00245221,0.00471712
0.09727187,0.00220766,0.0021958,0.00218631,0.00217893,0.00217308,0.00215718,0.00218843,0.0021589,0.00218018,0.00216303,0.00215309,0.00217234,0.00219047,0.00218105,0.00217884,0.00215821,0.00218346,0.00216725,0.00217916,0.00215488,0.00217364,0.00216485,0.00217012,0.00217147,0.00217929,0.0021659,0.00218164,0.00216339,0.00218695,0.00218233,0.00217574,0.00216533,0.00218049,0.00216872,0.00217472,0.00219752,0.00218812,0.00218465,0.00219616,0.00217287,0.00218235,0.00218579,0.00218736,0.00217362,0.0021701,0.00217169,0.00414193
0.09955427,0.00238178,0.00236988,0.00235646,0.0023434,0.00235868,0.00234876,0.00236586,0.00236742,0.00234797,0.00235598,0.00234396,0.00235906,0.00235311,0.00234542,0.00233471,0.00235448,0.00235307,0.00236541,0.0023717,0.00235533,0.00234573,0.00233837,0.00236707,0.00235565,0.0023688,0.00236061,0.00234833,0.0023426,0.0023636,0.00235578,0.00237943,0.00235846,0.00237759,0.0023927,0.00233797,0.00238186,0.00234912,0.00235088,0.00236175,0.00234983,0.00234994,0.00235114,0.00236687,0.00239565,0.00235919,0.00237211,0.00447954
0.1018669,0.00202291,0.00202987,0.00201344,0.00200122,0.00200503,0.00200488,0.00200986,0.00201639,0.00201649,0.00200671,0.00200038,0.00200346,0.00202042,0.00202482,0.00199588,0.00198948,0.00201625,0.0020041,0.00202259,0.00200948,0.00199908,0.00201379,0.00202499,0.00200172,0.00199921,0.00201498,0.00201296,0.00198241,0.00201935,0.00200863,0.00201669,0.00200953,0.00201164,0.0020194,0.0020012,0.00203491,0.00201664,0.00200707,0.0020129,0.0020097,0.00201103,0.00200595,0.00201064,0.00202287,0.00200908,0.0020039,0.00382592
0.10424991,0.00219046,0.00220948,0.00220958,0.00218407,0.0022049,0.00220506,0.00221599,0.00218554,0.00219323,0.00217179,0.0022025,0.00218092,0.0021983,0.00222404,0.00219955,0.00219367,0.00218605,0.00220485,0.00221043,0.00219022,0.00218101,0.00217474,0.00219905,0.00220496,0.00219109,0.00219815,0.00219834,0.00216751,0.00220369,0.00220597,0.00218935,0.002185,0.0022142,0.00219424,0.00217707,0.00220402,0.00220022,0.0022111,0.00218673,0.00219936,0.00219386,0.00219198,0.00218754,0.00219371,0.00221569,0.00218815,0.00418528
0.10666829,0.00205566,0.00206974,0.00205996,0.00203084,0.0020576,0.00204501,0.00204477,0.00203513,0.00203859,0.00202563,0.00201361,0.00203873,0.00204377,0.00203908,0.0020492,0.00203293,0.0020607,0.00203981,0.0020483,0.00204182,0.00204728,0.00204397,0.00205912,0.0020358,0.00203865,0.002037,0.00204026,0.00203893,0.00204739,0.00202809,0.00203744,0.00203542,0.00204085,0.00204984,0.0020514,0.00206735,0.00204324,0.00204125,0.00206415,0.00204567,0.00204607,0.00203286,0.00203652,0.00205939,0.00205072,0.00206546,0.00381345
0.10886964,0.0020298,0.00203342,0.00203973,0.0020279,0.00203975,0.00202291,0.00203258,0.00201559,0.00203271,0.00201621,0.00201405,0.00202207,0.00202722,0.00205819,0.00201966,0.00201696,0.00204798,0.0020343,0.00204485,0.00204124,0.00202976,0.00203436,0.00203235,0.00201977,0.0020335,0.00200655,0.00203762,0.00202428,0.00204898,0.0020296,0.00203175,0.00203129,0.00204348,0.00203171,0.00202431,0.00204369,0.00203034,0.00204033,0.00203914,0.00203474,0.00202228,0.00201953,0.00202896,0.00203044,0.00203409,0.00204454,0.00375345
0.11146922,0.0019602,0.00194742,0.00196397,0.00193762,0.00196196,0.0019525,0.00194098,0.00193606,0.00193931,0.00193805,0.00192795,0.00195697,0.00194583,0.00194636,0.00194049,0.00192697,0.00195624,0.00195608,0.0019535,0.00194148,0.00194011,0.00195846,0.00193159,0.00193442,0.00195472,0.00194914,0.00196466,0.00193488,0.00195262,0.00192846,0.0019387,0.00192737,0.00195913,0.00194424,0.00194687,0.00194509,0.00194691,0.0019546,0.0019603,0.00195339,0.00195028,0.00195138,0.00194746,0.00193993,0.00195312,0.00195523,0.0037443
0.11377245,0.00195441,0.00194864,0.0019557,0.00197161,0.00194929,0.00196414,0.00195003,0.00195047,0.00194311,0.00194334,0.0019297,0.00196383,0.001953,0.00196689,0.00194445,0.00193863,0.00195128,0.00194638,0.00195301,0.00194579,0.00195382,0.00194383,0.00196689,0.00196398,0.00194971,0.00195354,0.00195479,0.00194545,0.00195003,0.00195697,0.00195,0.00194584,0.00196581,0.00194843,0.0019514,0.00195485,0.001943,0.00195434,0.00195121,0.00194427,0.00194713,0.00194382,0.00193817,0.00194352,0.00195541,0.00194604,0.00364335
0.11644029,0.00193621,0.00193434,0.00191599,0.00191799,0.0019235,0.00190825,0.00191764,0.00190776,0.00191647,0.0019193,0.00189844,0.00192206,0.00191983,0.00193046,0.00191897,0.00190642,0.0019105,0.00192808,0.00193187,0.00191769,0.00192367,0.00191386,0.00191787,0.00190712,0.00193334,0.00191782,0.00192456,0.00189998,0.00194349,0.00190652,0.00192488,0.00192032,0.00191401,0.00192759,0.00190097,0.00193146,0.00192418,0.00192218,0.0019364,0.00191133,0.00191799,0.00191205,0.00191777,0.00191793,0.00192018,0.00192362,0.00372076
0.11881245,0.00180282,0.00178778,0.0017951,0.00179042,0.00178792,0.00177791,0.0017853,0.00177412,0.00176555,0.0017816,0.00177013,0.00179536,0.00178688,0.00178684,0.00178608,0.00176368,0.00179009,0.00178484,0.00179571,0.00178211,0.00178528,0.00177337,0.00178216,0.00176867,0.00178355,0.0017744,0.00178896,0.00177632,0.00178976,0.00178922,0.00179194,0.00178222,0.00179633,0.00179141,0.00177394,0.00178542,0.00178255,0.0017866,0.00180083,0.00178667,0.00177753,0.00176992,0.00178756,0.001775,0.00178342,0.00178963,0.0032927
0.12151997,0.00190167,0.0019036,0.00189883,0.00190135,0.001902,0.00188599,0.00189716,0.00187908,0.00188958,0.00189358,0.00187701,0.00189241,0.00189268,0.00190088,0.00188872,0.00186535,0.00189377,0.0018995,0.00188739,0.00189471,0.00189044,0.0018781,0.00191076,0.00188279,0.00190323,0.00188814,0.00190238,0.00188319,0.00189992,0.0018801,0.0018912,0.00191126,0.0019005,0.00190868,0.0018816,0.00190989,0.00188016,0.00189269,0.00189822,0.00189281,0.00189342,0.00188874,0.00188037,0.00189871,0.00189497,0.00188083,0.00357501
0.12405541,0.00165227,0.00164885,0.00164145,0.0016443,0.00164717,0.00164291,0.00164747,0.00162532,0.00165453,0.00164549,0.00163817,0.00163641,0.00165757,0.0016452,0.0016388,0.00162396,0.00164609,0.00163894,0.00165262,0.00163446,0.0016412,0.00162674,0.00164538,0.00164445,0.00165086,0.00163912,0.0016477,0.00163273,0.00164489,0.00164917,0.00164044,0.00163788,0.00164839,0.0016486,0.00162989,0.00164835,0.00164534,0.00164128,0.00166211,0.00164922,0.00164181,0.00164365,0.00164702,0.00163855,0.00163743,0.00163963,0.00302556
0.12696533,0.00184921,0.00184976,0.00184586,0.0018288,0.00184072,0.00183209,0.00183515,0.0018335,0.00183098,0.00183556,0.00183319,0.00183156,0.00183655,0.00183768,0.00183331,0.00181182,0.00185246,0.00184011,0.0018476,0.0018184,0.00183497,0.00183586,0.00183947,0.00184119,0.00183184,0.00183596,0.00183942,0.00181146,0.00183502,0.00184117,0.00183516,0.00185244,0.00183144,0.0018413,0.00183892,0.00183153,0.00184201,0.00181954,0.00184855,0.00183487,0.00184206,0.00183002,0.00183757,0.00183511,0.00183487,0.00183289,0.00355487
0.12946769,0.00162749,0.0016253,0.00162258,0.00161721,0.00162342,0.00160848,0.001618,0.00161565,0.00162646,0.00160511,0.00160612,0.00161446,0.00162536,0.0016249,0.00161452,0.0016094,0.00162485,0.0016172,0.00162685,0.00161008,0.00161416,0.00160603,0.00161787,0.00161048,0.00161229,0.00160919,0.00162433,0.00160174,0.0016244,0.00161749,0.00161356,0.00161912,0.00162632,0.00162335,0.00160542,0.00162443,0.0016172,0.00160771,0.00162547,0.00161359,0.00161428,0.0016098,0.00160933,0.00162069,0.00159729,0.00161673,0.00298429
0.13241553,0.00166486,0.00166631,0.00166858,0.00165818,0.00166812,0.00165404,0.0016603,0.00165119,0.00165461,0.0016542,0.00163683,0.00165869,0.0016502,0.00166816,0.00165475,0.00164109,0.0016647,0.00164932,0.00166803,0.00164525,0.00165417,0.0016461,0.00166866,0.0016478,0.00165324,0.00165091,0.00166866,0.00165581,0.00165707,0.0016692,0.00165246,0.00165314,0.00165308,0.00165361,0.00164099,0.00166217,0.00164999,0.0016617,0.00166318,0.0016521,0.00165319,0.00165408,0.00164146,0.00165765,0.00164315,0.00166094,0.00311722
0.13514807,0.00157946,0.00157628,0.00158119,0.00157283,0.00158548,0.00157065,0.00157192,0.00156205,0.00157743,0.00156543,0.00156725,0.00157073,0.00157251,0.00159071,0.00157462,0.00156396,0.00157347,0.00157667,0.0015801,0.00156812,0.0015753,0.00157262,0.00158235,0.00157505,0.00157682,0.00157273,0.00158674,0.00156088,0.00158823,0.00156735,0.00157733,0.00157108,0.00158253,0.00158421,0.00156591,0.00158551,0.00157887,0.0015731,0.00158486,0.00156622,0.00157639,0.00157146,0.00156811,0.00157208,0.00156842,0.0015802,0.00290546
0.1381549,0.00157849,0.00156633,0.00156841,0.00156769,0.00156805,0.00156885,0.00156871,0.00156899,0.00156245,0.00156076,0.00155833,0.00157614,0.00156561,0.00156445,0.00155792,0.00156146,0.00157053,0.00156289,0.00157737,0.00155351,0.0015711,0.00156712,0.00156782,0.00155171,0.00157545,0.00156865,0.00156779,0.00156029,0.00157166,0.00156644,0.00157128,0.00156658,0.00156912,0.00157898,0.0015572,0.00157314,0.00156423,0.0015657,0.00157472,0.00157414,0.00156559,0.00156307,0.00155389,0.00156646,0.00155378,0.00157046,0.00297514
0.14093849,0.00154155,0.001548,0.00154051,0.00154052,0.00154178,0.00152808,0.00154383,0.00152656,0.00153823,0.00153612,0.00152317,0.00153809,0.00153809,0.00154619,0.00154633,0.00152683,0.00154015,0.00154041,0.00155054,0.00153418,0.0015227,0.001533,0.00154164,0.00152789,0.00154371,0.0015341,0.00154369,0.00153523,0.00154724,0.0015309,0.00152721,0.00152851,0.0015429,0.00153821,0.00153255,0.00153868,0.00153396,0.00153527,0.00154022,0.00153537,0.00153265,0.00153206,0.00152994,0.00153165,0.001532,0.00152338,0.00283223
0.14399957,0.00151382,0.00150269,0.00150741,0.0014952,0.00150966,0.00150003,0.0015107,0.00149919,0.00150353,0.00149917,0.00150168,0.00149818,0.00150054,0.00150765,0.0015095,0.00148806,0.00150865,0.00150563,0.00151041,0.00150446,0.00150011,0.00149332,0.00150842,0.00150014,0.00150507,0.00150132,0.00151363,0.00148987,0.00150411,0.00149323,0.0015079,0.00150088,0.00150489,0.00151283,0.00149795,0.00149984,0.00150621,0.00150669,0.00151406,0.00149871,0.00149938,0.00150338,0.0014995,0.00151168,0.00150062,0.0014993,0.00282918
0.14690772,0.0015117,0.00151237,0.00150917,0.00151441,0.00151976,0.00150936,0.00151263,0.00150332,0.00150254,0.00150981,0.00149956,0.00150107,0.00150271,0.00151495,0.00150812,0.00150038,0.00150942,0.00150941,0.00152058,0.00149973,0.00150949,0.0015063,0.00150646,0.00150671,0.00150545,0.00150081,0.00152175,0.00149907,0.00151758,0.00150546,0.00151012,0.00151377,0.00151201,0.00151195,0.00150645,0.00151086,0.00151208,0.00150042,0.00151916,0.00150663,0.00150757,0.00150998,0.00151031,0.00150631,0.00150121,0.00150537,0.00280602
0.14998618,0.00140772,0.00139557,0.00139829,0.00140057,0.00140202,0.00139366,0.00140474,0.00139274,0.0014016,0.00139432,0.00138895,0.00139969,0.00139595,0.00140184,0.00139273,0.00138471,0.00140865,0.00139815,0.00139759,0.00138764,0.00139681,0.00139978,0.00139618,0.00139111,0.00139695,0.00139549,0.00140543,0.00138786,0.00139395,0.00139868,0.00140379,0.00139367,0.00140685,0.00139797,0.00138519,0.00139986,0.00139617,0.00140218,0.00140459,0.00139615,0.00139814,0.00139214,0.00138503,0.00139447,0.00139219,0.00139788,0.002606
0.15327623,0.00146208,0.00146589,0.00146699,0.00146318,0.00146847,0.00144936,0.00146104,0.00145426,0.00146421,0.00145434,0.00144463,0.0014605,0.0014656,0.00147117,0.00146198,0.00144635,0.00147254,0.00145972,0.00147534,0.0014532,0.00146474,0.00145186,0.00145304,0.00145637,0.00146343,0.00146543,0.00145855,0.00145038,0.00145901,0.00146028,0.00145787,0.00146744,0.00145903,0.00146281,0.00144959,0.00147145,0.00146052,0.00147051,0.00147098,0.00146515,0.00145083,0.00145411,0.00145111,0.00145123,0.00145227,0.00146705,0.0027649
0.156357,0.001344,0.00134544,0.00134245,0.00135081,0.00134395,0.00134444,0.00134759,0.00134245,0.0013441,0.00133712,0.00132754,0.00133763,0.00133606,0.00134814,0.0013402,0.00133037,0.00134516,0.00134527,0.00135503,0.00134656,0.00133963,0.00134033,0.00134444,0.00133746,0.00134429,0.00134767,0.0013478,0.00133339,0.00135082,0.00134149,0.00134498,0.00134339,0.00134743,0.00134686,0.00133785,0.00134926,0.00134852,0.00133967,0.00135073,0.00133705,0.00133588,0.0013371,0.0013429,0.00134279,0.00133888,0.00133729,0.00248609
0.15977053,0.00134083,0.00134114,0.00132932,0.00133801,0.00134128,0.0013333,0.00134769,0.00133183,0.00133422,0.00134275,0.00132413,0.0013333,0.00134312,0.00133931,0.00133247,0.00133238,0.00134182,0.00133929,0.00134203,0.00133498,0.00133317,0.00133382,0.001331,0.00133332,0.00133972,0.00133666,0.00133925,0.00132467,0.00134608,0.0013311,0.00133734,0.00133803,0.00133961,0.00133538,0.00133382,0.00134653,0.00134118,0.00133096,0.0013404,0.00133431,0.00132877,0.00132688,0.00133378,0.00132936,0.00133607,0.00134103,0.00249501
0.1629333,0.0013582,0.00136293,0.00136046,0.00135895,0.00137382,0.00135608,0.00136537,0.00136074,0.00135643,0.00135682,0.00135264,0.00135942,0.00135661,0.001363,0.00136009,0.0013555,0.00136904,0.0013604,0.00137074,0.00134874,0.00135679,0.00136184,0.00135754,0.001354,0.00136191,0.00136231,0.00136013,0.00135372,0.00135553,0.00136402,0.00135485,0.00135778,0.00135588,0.00136406,0.00135278,0.00135683,0.00136159,0.00136037,0.0013689,0.00135747,0.00136234,0.00135586,0.00135522,0.00135436,0.00135318,0.00135652,0.00253668
0.16625779,0.00126761,0.00127166,0.00127622,0.00126747,0.0012704,0.00126337,0.00127656,0.00126695,0.00126892,0.0012681,0.00125947,0.00126657,0.00127006,0.00127223,0.00126683,0.00126155,0.00127794,0.00127012,0.0012785,0.00126197,0.00127315,0.00126358,0.0012747,0.00126551,0.0012736,0.00126661,0.00126649,0.00126421,0.00127754,0.00126607,0.00126481,0.0012667,0.00126901,0.00127454,0.00126665,0.00127306,0.00127149,0.00126618,0.00127669,0.00126438,0.00126589,0.0012632,0.00126225,0.00126634,0.0012621,0.00126902,0.00242109
0.16984961,0.00128001,0.00128197,0.00127887,0.00127139,0.00128098,0.0012735,0.00128139,0.00126986,0.00127806,0.00126966,0.00126199,0.00128015,0.00127853,0.00128774,0.00128276,0.00126601,0.00127648,0.00127916,0.00128544,0.00127558,0.00127023,0.00127593,0.00127841,0.00127534,0.00128217,0.00127779,0.00127774,0.00127197,0.0012729,0.00127902,0.00127373,0.00127592,0.00127754,0.00128209,0.0012629,0.00128198,0.00128262,0.00127608,0.00128244,0.00127407,0.00127662,0.00126993,0.00127351,0.00126809,0.00126749,0.00127599,0.00238895
0.17320573,0.00124195,0.00124359,0.00124324,0.00123329,0.00123872,0.00123931,0.00124118,0.00124186,0.00123814,0.00122736,0.00122743,0.00123722,0.00124032,0.00124448,0.00123752,0.00122526,0.00124624,0.00124308,0.00124287,0.00123393,0.00123857,0.00122817,0.00124308,0.00123887,0.00123945,0.0012354,0.00124305,0.00123318,0.0012486,0.00123745,0.00123995,0.00123383,0.00124193,0.00124035,0.00124219,0.00124303,0.0012437,0.00122941,0.00124246,0.00124329,0.00123651,0.00123996,0.00123046,0.0012377,0.00123545,0.00123633,0.00231969
0.17683768,0.00119703,0.00119599,0.00118626,0.0011895,0.00118998,0.00118746,0.00118977,0.00118202,0.00119196,0.00118506,0.00118207,0.00119075,0.00119202,0.00119315,0.0011823,0.00118026,0.00119786,0.00119255,0.00119769,0.00118168,0.00118205,0.00117967,0.00119182,0.0011911,0.00118821,0.00118649,0.00119342,0.00118529,0.00119637,0.00119152,0.00119046,0.00119001,0.00119153,0.00119071,0.00118901,0.00119433,0.00118977,0.00119006,0.00119458,0.00119203,0.00118877,0.00118775,0.00118992,0.0011911,0.00118917,0.00118645,0.00223886
0.18056641,0.00122303,0.00122287,0.00121949,0.00121963,0.00121616,0.00121033,0.00122169,0.00120904,0.00122107,0.00120972,0.00121526,0.00121684,0.00121227,0.00122206,0.0012175,0.00120878,0.00121976,0.001216,0.00122403,0.00121155,0.00121232,0.00121596,0.00121818,0.00121853,0.00121561,0.00121191,0.00122389,0.0012114,0.00122143,0.00122156,0.00121882,0.00121661,0.00122838,0.00122166,0.00121027,0.00121732,0.00121587,0.00121364,0.00121982,0.00121419,0.00121312,0.001213,0.00121643,0.00121802,0.00121381,0.00121572,0.00227081
0.18406485,0.00116223,0.00116693,0.00116212,0.00115751,0.00116474,0.00116153,0.00116792,0.00115452,0.00116194,0.00116073,0.00115114,0.00115906,0.00116435,0.00116309,0.00116322,0.00115208,0.00116277,0.0011625,0.00116817,0.00116028,0.00116191,0.00115893,0.00116129,0.00115763,0.00116199,0.00116168,0.00116176,0.00115732,0.00116328,0.00116326,0.00116064,0.001161,0.00116333,0.00116561,0.00115771,0.00116851,0.00116286,0.00116005,0.00116771,0.00115911,0.00116012,0.00115299,0.00116101,0.0011609,0.00116014,0.00116019,0.00215991
0.18784592,0.001117,0.00111521,0.00111504,0.00111563,0.00112523,0.00111308,0.00112339,0.00111766,0.00111801,0.00110972,0.00111206,0.00111025,0.00112164,0.00111543,0.00111014,0.0011079,0.00112222,0.00111942,0.00112291,0.00111181,0.00111365,0.00111831,0.00111287,0.00111403,0.00112294,0.00111133,0.00112376,0.00110603,0.00112051,0.00111268,0.00111833,0.00111853,0.00112208,0.0011178,0.00111542,0.00112218,0.00112103,0.00111304,0.00112835,0.00111907,0.00110909,0.00111336,0.00111344,0.00111879,0.0011135,0.00111483,0.00213471
0.19181261,0.001121,0.00112475,0.00112088,0.00112074,0.00112124,0.00112365,0.00112176,0.00111555,0.00111984,0.00111288,0.00111327,0.00112023,0.00112156,0.00112418,0.0011221,0.0011177,0.00112718,0.00112498,0.0011242,0.00111667,0.00111595,0.00111824,0.00112222,0.00111884,0.00112072,0.0011209,0.00111952,0.00111495,0.00112105,0.0011201,0.0011246,0.00111871,0.00112444,0.00112451,0.00111448,0.00111983,0.0011207,0.00111815,0.0011289,0.00111608,0.00111868,0.00111785,0.00111652,0.00112156,0.00111897,0.00112099,0.00211312
0.19560274,0.00111232,0.00110983,0.00110764,0.0011007,0.00110566,0.00110249,0.00111046,0.00110469,0.00110889,0.00109743,0.00110112,0.00110453,0.00110869,0.00110772,0.00110692,0.00109427,0.00110622,0.00110712,0.00110954,0.00109959,0.00111094,0.00110118,0.00110442,0.00110211,0.00110611,0.00110298,0.00111027,0.00109778,0.00110913,0.0011023,0.00110814,0.00110578,0.00110433,0.00111068,0.00110354,0.00111469,0.00110492,0.00110736,0.00111349,0.00110352,0.00110536,0.00110528,0.00110313,0.00110971,0.00110641,0.00110407,0.0020594
0.19948646,0.00106289,0.00106743,0.00105884,0.00106029,0.00106236,0.00105931,0.00106434,0.00105999,0.00106138,0.00105979,0.00105225,0.00106116,0.0010634,0.00105993,0.00105896,0.00105461,0.00106196,0.00105919,0.00106021,0.00105854,0.00106074,0.00105896,0.00106302,0.00105619,0.00105749,0.00106192,0.00106222,0.00105511,0.00106395,0.00105647,0.00105883,0.00105824,0.00106028,0.00106564,0.0010508,0.00106473,0.00106037,0.00106013,0.0010648,0.00105929,0.0010557,0.00105653,0.00105509,0.00105696,0.0010554,0.00106033,0.00198473
0.20366304,0.00104788,0.00104813,0.00103902,0.00103815,0.00104305,0.00104225,0.00104202,0.00103867,0.00104017,0.00103838,0.00103099,0.00104009,0.00104351,0.00104621,0.0010411,0.0010347,0.00104512,0.00104961,0.00104764,0.00104669,0.00103744,0.00103848,0.0010407,0.0010415,0.00104043,0.00104128,0.00104783,0.00103453,0.00104497,0.00104157,0.00103962,0.00103863,0.00104749,0.00104497,0.0010335,0.00104384,0.00104594,0.0010407,0.00104838,0.00103781,0.00104191,0.00103726,0.00103998,0.00103708,0.0010395,0.00104371,0.00197362
0.20782055,0.00104396,0.00104219,0.00103995,0.0010372,0.0010334,0.00103774,0.00104315,0.00103262,0.00104375,0.00103416,0.00102806,0.0010362,0.00104081,0.00104558,0.00103505,0.00103516,0.00103959,0.00103909,0.00104572,0.00103503,0.00103527,0.00103515,0.00104045,0.00103944,0.00104721,0.0010344,0.00104026,0.00103435,0.00104214,0.00103583,0.00104101,0.00104025,0.00103929,0.00104376,0.00103413,0.00104021,0.00104045,0.00104006,0.00104665,0.00103413,0.00103931,0.00103737,0.00103229,0.00103776,0.00103434,0.00103712,0.00198047
0.21185835,0.00102245,0.0010201,0.00101759,0.00101341,0.00101673,0.00101183,0.00102122,0.00101196,0.00101638,0.00101505,0.00100844,0.00101399,0.00101884,0.00102621,0.00101862,0.00101229,0.00101954,0.00101857,0.00102148,0.00101731,0.00101441,0.00101362,0.00101777,0.00101639,0.00101969,0.00101299,0.00101866,0.00101508,0.00101964,0.00101956,0.0010147,0.00101794,0.00102279,0.0010219,0.00101212,0.00102055,0.00101688,0.0010166,0.001024,0.00101724,0.00101846,0.00101564,0.00101673,0.00102071,0.00101303,0.00101363,0.00190527
0.21604554,0.00097453,0.0009763,0.0009746,0.00097111,0.00097528,0.00097063,0.00096934,0.00096761,0.00097309,0.00097183,0.00096248,0.00096985,0.00097758,0.00097514,0.00097533,0.00096628,0.00097396,0.00097587,0.00097627,0.00096807,0.00096722,0.00096679,0.0009707,0.00096765,0.00097587,0.00096642,0.00097489,0.00097039,0.00097414,0.00097223,0.00097686,0.00096933,0.00097528,0.00097453,0.00096715,0.0009792,0.00097436,0.00097334,0.00097802,0.00096673,0.00096814,0.00096836,0.00097001,0.00097217,0.00097013,0.00096947,0.0018084
0.22049345,0.00095609,0.00095359,0.00095394,0.00095281,0.00095646,0.00094792,0.00095635,0.00094765,0.00095443,0.00095225,0.00094738,0.00094936,0.00095368,0.00095768,0.00095259,0.00094621,0.00095906,0.00095645,0.00095568,0.00094949,0.00095193,0.00095442,0.00095474,0.00095239,0.00095502,0.00095216,0.00095571,0.00094726,0.00095615,0.00095214,0.00095919,0.0009539,0.00095681,0.00095918,0.00095313,0.00095821,0.00095273,0.00095515,0.00095963,0.00095575,0.00094931,0.00094904,0.00095265,0.00095472,0.00095317,0.00094968,0.0017979
0.22500304,0.00095243,0.00094886,0.00094673,0.00094643,0.00095434,0.00094939,0.00095257,0.00094689,0.00095173,0.00094519,0.0009393,0.00094683,0.00094917,0.00095005,0.00094632,0.00094389,0.00094821,0.00094799,0.00095119,0.00094582,0.00095287,0.00094377,0.00095154,0.00094616,0.00094895,0.0009475,0.00095571,0.00094676,0.00095112,0.00094341,0.0009459,0.0009427,0.00095078,0.0009458,0.00094293,0.00095108,0.00094744,0.00094541,0.00095465,0.00094742,0.00094806,0.00094324,0.00094578,0.00094429,0.00094772,0.00094416,0.00177381
0.22948517,0.00093494,0.00093369,0.0009331,0.00093279,0.00093558,0.00092572,0.00093574,0.00093347,0.00093559,0.00093084,0.00092575,0.00093409,0.00093571,0.00093678,0.00093269,0.00092165,0.00093316,0.00093701,0.00093551,0.0009332,0.0009355,0.00093497,0.00093642,0.0009301,0.00093507,0.00093155,0.0009352,0.00092925,0.00093699,0.00093517,0.00093424,0.00093131,0.00093716,0.00093887,0.00092704,0.00093699,0.00093984,0.00093204,0.00094285,0.00093081,0.00093177,0.00092895,0.00093048,0.00093407,0.00093352,0.0009328,0.00176538
0.2339564,0.00091731,0.00091608,0.00091182,0.00091265,0.00091335,0.00091183,0.00091643,0.0009083,0.00091295,0.00090962,0.00090368,0.00091494,0.00091159,0.00091168,0.00091565,0.00090485,0.00091454,0.00091344,0.00091803,0.00091059,0.00091382,0.00090981,0.00091391,0.00090821,0.00091479,0.00091225,0.00091317,0.00090836,0.00091607,0.00091477,0.00091203,0.00091102,0.0009173,0.00091737,0.00090932,0.00091462,0.00091667,0.00091139,0.00091464,0.0009134,0.00091189,0.00090969,0.00091086,0.00091085,0.00090994,0.00091179,0.00170209
0.23854143,0.00088335,0.00088257,0.0008822,0.00088158,0.00088191,0.00088191,0.00088272,0.00087708,0.00088174,0.00087839,0.00087575,0.00088384,0.00088187,0.00088232,0.00088034,0.00087353,0.00088427,0.00088456,0.00088732,0.00088087,0.00088154,0.00087824,0.00088485,0.00087546,0.00088363,0.00088169,0.00088315,0.00087952,0.00088141,0.00088231,0.00087817,0.00088177,0.00088833,0.00088132,0.00087921,0.00088505,0.00088027,0.00088089,0.00088526,0.00087877,0.00088206,0.00088084,0.00087734,0.00088302,0.00087735,0.0008814,0.00166536
0.24336486,0.00086629,0.00086275,0.00087075,0.00086645,0.00086692,0.00086223,0.00086589,0.00086159,0.00086442,0.00085905,0.00086015,0.00086169,0.00086482,0.00086571,0.00086132,0.00085712,0.00086513,0.00086816,0.00087195,0.00086113,0.00086166,0.00086295,0.00086747,0.00086129,0.00086605,0.00086465,0.00086876,0.0008613,0.00087224,0.0008644,0.00086234,0.00086227,0.00086647,0.00086638,0.00086249,0.00086646,0.00086527,0.00086475,0.00086936,0.00086301,0.00086019,0.0008636,0.00086353,0.00086426,0.00086089,0.00086334,0.00160893
0.24824045,0.00085259,0.00085173,0.00085058,0.00084928,0.00085124,0.00084806,0.00084889,0.00084558,0.00084655,0.00084827,0.00084366,0.00085023,0.00085015,0.0008503,0.00085117,0.00084059,0.00085216,0.00084925,0.00085737,0.00084513,0.00084732,0.00084734,0.00085007,0.00084659,0.00085034,0.00084833,0.00085209,0.00084385,0.00085118,0.00084847,0.00085141,0.0008488,0.00084984,0.00084861,0.00084552,0.00085027,0.00085305,0.00084999,0.00085281,0.0008498,0.00084646,0.00084606,0.00084886,0.00084826,0.00084871,0.00084814,0.00159719
0.25322799,0.00083134,0.00083549,0.00083108,0.00082977,0.00083557,0.00082736,0.00083229,0.00082568,0.0008285,0.00082949,0.00082606,0.00082928,0.0008303,0.00083278,0.00082932,0.00082317,0.00083296,0.00083294,0.00083282,0.0008291,0.0008268,0.0008268,0.00083076,0.0008258,0.00083036,0.00082942,0.00083585,0.00082417,0.00083421,0.00082949,0.00083029,0.00082876,0.00083304,0.0008333,0.00082558,0.00083143,0.00082796,0.00082876,0.0008344,0.00082826,0.00082792,0.00082702,0.00082724,0.00083226,0.00082623,0.00082965,0.00156603
0.25831915,0.0008182,0.00081666,0.00081551,0.00081302,0.00081736,0.00081303,0.00081672,0.00081613,0.00081828,0.00081599,0.00080919,0.00081736,0.00081626,0.00082028,0.000816,0.00081217,0.00082038,0.00081773,0.00082034,0.00081483,0.00081445,0.00081248,0.00081668,0.00081566,0.00081822,0.0008171,0.00081765,0.00081305,0.00082118,0.00081478,0.00081574,0.00081797,0.00081867,0.00082037,0.0008125,0.00082051,0.00081848,0.00081554,0.00082431,0.00081511,0.00081541,0.00081676,0.00081202,0.0008147,0.00081173,0.00081794,0.00151364
0.26342702,0.00080488,0.00080386,0.00080633,0.00080298,0.00080219,0.00079881,0.00080326,0.00079827,0.0008011,0.00080018,0.00079545,0.00080161,0.00080077,0.00080399,0.00080039,0.00079558,0.00080663,0.00080305,0.0008062,0.00080193,0.00080022,0.00079914,0.0008051,0.00080131,0.00080415,0.00079996,0.0008056,0.00079743,0.00080556,0.00080047,0.00080347,0.00080161,0.00080545,0.00080406,0.0008005,0.00080582,0.00080535,0.00080339,0.00080582,0.00079933,0.00079969,0.00079968,0.00080157,0.00079956,0.00079899,0.00080287,0.00151288
0.26862376,0.00078584,0.00078455,0.00078303,0.00077949,0.00078205,0.0007782,0.00078416,0.00077929,0.00078205,0.00077727,0.00077443,0.00078256,0.00078214,0.00077989,0.0007787,0.0007763,0.00078225,0.00078248,0.00078584,0.00077892,0.00078102,0.00077871,0.0007803,0.00078133,0.00078359,0.0007836,0.00078206,0.00077781,0.00078402,0.00077963,0.00077999,0.00077829,0.00078438,0.00078338,0.00077607,0.00078447,0.00078106,0.00077794,0.00078478,0.00077977,0.00077952,0.00077804,0.00077833,0.00078124,0.00077889,0.00078574,0.00147648
0.27394112,0.00077295,0.00076925,0.00077007,0.00076735,0.00076923,0.00076598,0.00076806,0.0007676,0.00076839,0.0007662,0.00076386,0.0007684,0.00076957,0.00076934,0.00076642,0.00076171,0.0007716,0.00077106,0.00077459,0.00077041,0.00076788,0.00076602,0.00077138,0.00077001,0.0007713,0.00076902,0.00077082,0.00076395,0.00077128,0.00076876,0.0007685,0.0007661,0.00077399,0.00076901,0.00076648,0.00077412,0.00076828,0.0007692,0.0007732,0.00076562,0.00076953,0.00076834,0.00076963,0.0007692,0.00076867,0.00076888,0.00144597
0.27942287,0.00075071,0.00075196,0.00075172,0.00074732,0.00075088,0.00074699,0.00074992,0.00074599,0.00074725,0.00074852,0.00074216,0.00075053,0.0007495,0.00075367,0.0007486,0.00074346,0.00075295,0.00074978,0.00075505,0.0007459,0.00074691,0.00074609,0.00075216,0.00074709,0.00075054,0.00075101,0.00075106,0.00074591,0.00075188,0.0007464,0.00075127,0.00075053,0.00075094,0.0007519,0.00074612,0.00075162,0.00075161,0.00074898,0.00075059,0.00074816,0.00074847,0.00074801,0.00074798,0.00074967,0.00074808,0.00074688,0.00141273
0.28490602,0.00074281,0.00073814,0.00074019,0.00073619,0.00074009,0.00073334,0.00074207,0.0007372,0.00073974,0.00073643,0.00073411,0.00073921,0.00073826,0.00074008,0.00073736,0.0007354,0.00074162,0.00074137,0.00074207,0.00073912,0.00073704,0.00073617,0.00073957,0.00073733,0.00074,0.00073862,0.00074153,0.00073746,0.00074337,0.00073785,0.00074041,0.0007369,0.00074255,0.00074241,0.00073578,0.00074121,0.0007422,0.00073721,0.00074202,0.00073919,0.00073761,0.00073787,0.00074,0.00073925,0.00073621,0.00073642,0.00137769
0.29044932,0.00072272,0.00072301,0.00072346,0.00072014,0.00072225,0.00072039,0.00072207,0.00071829,0.00072121,0.00071711,0.00071623,0.00071993,0.00071868,0.00072165,0.00071936,0.00071644,0.00071999,0.00072164,0.00072452,0.00071925,0.00071827,0.00071674,0.00072337,0.00071909,0.00072053,0.00072018,0.00072364,0.00071636,0.00072353,0.00071843,0.0007213,0.00072048,0.00072085,0.00072331,0.00071741,0.000725,0.00072259,0.00071958,0.00072256,0.00071905,0.00072178,0.00071856,0.00071681,0.00071831,0.0007196,0.00071966,0.00136181
0.29619826,0.00070972,0.00070998,0.0007078,0.00070685,0.00070788,0.00070686,0.00070687,0.00070371,0.0007065,0.00070401,0.00070048,0.00070336,0.00070839,0.00070999,0.00070717,0.00070033,0.00070811,0.00070878,0.00071086,0.00070697,0.00070512,0.00070573,0.00070899,0.00070348,0.00070917,0.00070624,0.00070855,0.00070427,0.00071111,0.00070604,0.0007086,0.00070683,0.00070943,0.00070942,0.00070383,0.00070943,0.00070944,0.00070407,0.00071078,0.00070719,0.00070794,0.00070515,0.00070216,0.00070514,0.00070486,0.00070638,0.00132832
0.30202933,0.00070645,0.00070451,0.00070409,0.00070315,0.00070502,0.00070057,0.00070455,0.00070147,0.00070315,0.00070005,0.00070047,0.00070249,0.00070349,0.00070511,0.00070087,0.00069796,0.00070574,0.00070533,0.00070789,0.00070078,0.00070268,0.00070188,0.00070445,0.00070089,0.00070615,0.00070427,0.00070848,0.00069863,0.000709,0.00070286,0.00070313,0.00069995,0.00070816,0.00070372,0.0007003,0.00070564,0.00070375,0.00070272,0.00070654,0.00070192,0.00070312,0.00070082,0.00070149,0.00070323,0.00070204,0.00070405,0.00130627
0.30795967,0.00069566,0.00069288,0.00069152,0.00069259,0.00069329,0.00069116,0.00069493,0.00069006,0.00069382,0.00069083,0.00068727,0.00069273,0.00069333,0.0006929,0.00069108,0.00068908,0.00069406,0.00069295,0.00069802,0.00069135,0.00069249,0.00069021,0.00069315,0.00069182,0.00069458,0.00069246,0.00069473,0.00069087,0.00069696,0.00069107,0.00069451,0.00069032,0.00069472,0.0006935,0.00069157,0.00069556,0.00069424,0.00069169,0.00069857,0.0006914,0.00069099,0.000693,0.00068882,0.00069194,0.00068941,0.00069293,0.00129695
0.31403499,0.0006911,0.00069023,0.00069041,0.00068702,0.00069041,0.00068705,0.00068761,0.00068616,0.00068649,0.00068599,0.00068295,0.00068752,0.00068708,0.00069052,0.00068717,0.00068419,0.00069062,0.00069128,0.00069185,0.0006874,0.00068642,0.00068894,0.00068957,0.00068698,0.00069105,0.00068668,0.00068899,0.00068507,0.00069082,0.00068692,0.00068849,0.00068592,0.00069132,0.00069121,0.00068602,0.00068863,0.00069002,0.00068945,0.00069088,0.00068758,0.00068611,0.00068704,0.00068863,0.00068767,0.00068478,0.00068971,0.00129388
0.32013521,0.00067669,0.00067877,0.00067495,0.00067367,0.0006756,0.00067394,0.00067586,0.0006751,0.00067638,0.00067418,0.00067047,0.0006742,0.00067475,0.0006789,0.00067442,0.00067166,0.00067559,0.00067737,0.00068044,0.00067664,0.00067586,0.00067493,0.00067602,0.00067393,0.00067758,0.00067591,0.00067834,0.00067212,0.00067777,0.00067788,0.00067503,0.00067483,0.00067743,0.00067689,0.00067309,0.00067837,0.0006785,0.00067648,0.00067917,0.000677,0.00067515,0.00067487,0.0006729,0.00067432,0.00067465,0.00067491,0.00126823
0.32635762,0.00067024,0.00067096,0.00067071,0.00066761,0.00067206,0.00066665,0.00067136,0.0006668,0.00066813,0.00066712,0.00066248,0.00066985,0.00067014,0.00067128,0.00066872,0.00066476,0.00067058,0.00067193,0.00067274,0.00066821,0.00067011,0.00066593,0.00067285,0.00066736,0.0006703,0.00066947,0.00067225,0.00066594,0.00067135,0.00066736,0.00066981,0.00066903,0.00067219,0.00067168,0.00066919,0.00067268,0.00067,0.00066874,0.00067403,0.00067057,0.00067052,0.00066829,0.00066653,0.00066938,0.00066779,0.00066787,0.00125477
0.33279709,0.00067601,0.00067619,0.00067401,0.00067238,0.00067528,0.000673,0.00067563,0.00067193,0.00067355,0.0006727,0.00066908,0.00067483,0.00067464,0.00067659,0.00067371,0.00066675,0.00067417,0.00067503,0.00067674,0.00067252,0.00067309,0.00067444,0.00067362,0.0006728,0.00067331,0.00067284,0.00067673,0.00067045,0.00067454,0.00067372,0.00067401,0.00067329,0.00067708,0.00067534,0.00066911,0.00067597,0.00067698,0.00067325,0.0006783,0.00067182,0.00067282,0.00067221,0.00067304,0.00067223,0.00067154,0.00067321,0.00128142
0.33936317,0.00067244,0.00067079,0.00066783,0.00066719,0.00066984,0.00066547,0.00066913,0.00066431,0.00066926,0.00066633,0.00066184,0.0006649,0.00066833,0.00067131,0.00066835,0.0006641,0.00067059,0.00066946,0.00067101,0.00066736,0.00066824,0.00066652,0.00067013,0.00066693,0.0006688,0.00066729,0.00067072,0.00066537,0.00066987,0.00066816,0.00066613,0.0006674,0.00067077,0.00066968,0.00066646,0.00067223,0.00066982,0.0006683,0.00067338,0.00066762,0.00066775,0.00066674,0.00066496,0.00066894,0.00066588,0.00066591,0.00126732
0.34602433,0.00066342,0.00066253,0.00066198,0.00065991,0.00066301,0.00065854,0.00066143,0.00065888,0.0006602,0.00065834,0.00065499,0.00066325,0.00066129,0.00066335,0.0006589,0.00065412,0.00066192,0.00066285,0.00066383,0.0006593,0.00066085,0.00065879,0.00066309,0.00065948,0.00066108,0.00066086,0.00066391,0.00065732,0.00066453,0.00066169,0.00066012,0.00065943,0.000664,0.00066346,0.00066012,0.00066384,0.00066306,0.00066062,0.00066454,0.00066029,0.00066048,0.00065993,0.00066077,0.0006613,0.0006596,0.00066034,0.00124073
0.35276173,0.00066924,0.00066683,0.00066675,0.00066571,0.00067032,0.00066551,0.00066822,0.0006667,0.00066821,0.00066459,0.00066045,0.00066695,0.00066752,0.00066892,0.00066519,0.00066325,0.00066691,0.00066826,0.00067061,0.00066581,0.00066466,0.00066639,0.00066807,0.00066619,0.00066728,0.00066553,0.0006678,0.00066373,0.00067222,0.00066654,0.00066749,0.00066811,0.00066973,0.00066831,0.00066504,0.00066927,0.00066944,0.00066641,0.00066898,0.0006669,0.00066744,0.00066599,0.0006653,0.00066713,0.00066343,0.00066769,0.00124965
0.35959621,0.00067485,0.00067297,0.00067528,0.00067368,0.00067459,0.0006735,0.00067264,0.00067322,0.00067377,0.00067344,0.00067058,0.00067578,0.00067521,0.00067659,0.00067369,0.00066909,0.0006752,0.00067659,0.00067745,0.00067418,0.00067534,0.00067255,0.00067444,0.00067313,0.00067711,0.00067274,0.00067658,0.0006712,0.00067625,0.00067479,0.00067446,0.00067483,0.00067522,0.00067702,0.00067312,0.00067654,0.00067714,0.00067381,0.00067815,0.00067492,0.00067186,0.00067413,0.00067287,0.0006721,0.00067387,0.00067212,0.00125861
0.36663574,0.0006825,0.00068289,0.0006821,0.00067987,0.00068262,0.00067949,0.00068177,0.00067903,0.00068253,0.00068073,0.00067645,0.00067929,0.00068258,0.00068332,0.0006817,0.00067512,0.00068469,0.00068201,0.00068435,0.00067872,0.0006813,0.00067821,0.00068264,0.00067894,0.00068212,0.00067996,0.00068228,0.00067923,0.00068455,0.00067977,0.00068033,0.00068261,0.00068367,0.00068539,0.00067622,0.00068586,0.00068421,0.00067967,0.00068643,0.00067984,0.00067969,0.00068119,0.0006783,0.0006808,0.00068018,0.0006806,0.00128405
0.37384813,0.00069315,0.00069158,0.00069308,0.00069217,0.0006918,0.0006906,0.00069262,0.00068955,0.00069374,0.00068812,0.00068795,0.00069134,0.0006925,0.00069293,0.00069355,0.00068733,0.0006947,0.00069518,0.00069617,0.00069046,0.00069469,0.00069012,0.00069388,0.00069076,0.0006918,0.00069251,0.0006931,0.0006872,0.00069307,0.00069275,0.00069479,0.00069137,0.0006956,0.0006947,0.00068936,0.00069533,0.00069257,0.0006926,0.00069615,0.00069248,0.00069084,0.00069117,0.00069107,0.00069229,0.00068915,0.00069188,0.00126753
0.38104941,0.00073668,0.00073511,0.00073345,0.00073261,0.00073382,0.000731,0.0007343,0.00073008,0.00073245,0.000732,0.00072763,0.00073345,0.00073314,0.00073452,0.00073228,0.00072918,0.00073472,0.00073549,0.0007357,0.00073088,0.00073381,0.00073106,0.0007353,0.00073121,0.00073428,0.00073181,0.00073527,0.00072876,0.00073612,0.00073345,0.00073391,0.00073023,0.00073483,0.00073469,0.00072996,0.00073575,0.0007339,0.00073175,0.00074033,0.00073354,0.00073129,0.00073009,0.00073165,0.00073223,0.00073078,0.00073232,0.00135091
0.38845275,0.00078868,0.00078829,0.00078682,0.0007864,0.0007899,0.00078465,0.00078877,0.00078535,0.00078669,0.00078198,0.00078318,0.00078592,0.00078959,0.00079199,0.00078496,0.00078191,0.00078973,0.00078879,0.00079156,0.00078502,0.00078521,0.00078606,0.00078691,0.00078741,0.00078943,0.00078834,0.00079244,0.00078477,0.00079267,0.00078824,0.00078817,0.00078848,0.00079032,0.00079037,0.00078319,0.00079207,0.00079091,0.00078856,0.00079225,0.00078747,0.00078528,0.00078813,0.00078435,0.00078696,0.00078214,0.00078589,0.0014355
0.39548162,0.00095353,0.00095358,0.00095477,0.00095015,0.0009551,0.00094978,0.00095219,0.00095022,0.00095475,0.00095413,0.00094503,0.00095113,0.00095313,0.00095421,0.00095127,0.00094775,0.00095186,0.00095521,0.00095408,0.00094954,0.00095069,0.00095071,0.00095248,0.00095081,0.00095129,0.00095298,0.00095671,0.00094994,0.00095757,0.00095044,0.00095211,0.00095236,0.00095232,0.00095558,0.0009483,0.00095791,0.00095406,0.00095145,0.00095521,0.00095122,0.0009516,0.00095187,0.00094906,0.00095468,0.00095279,0.00095287,0.00160983
